Date,spx_close,vix_decimal,forward_realized_vol
2010-01-04,1132.989990234375,0.20040000915527345,0.1821995579522214
2010-01-05,1136.52001953125,0.19350000381469726,0.18314866028756632
2010-01-06,1137.1400146484375,0.1915999984741211,0.18332137603954707
2010-01-07,1141.68994140625,0.19059999465942382,0.1827501392628512
2010-01-08,1144.97998046875,0.18129999160766602,0.18516828075783115
2010-01-11,1146.97998046875,0.17549999237060546,0.18778296910948136
2010-01-12,1136.219970703125,0.1825,0.18619944502206284
2010-01-13,1145.6800537109375,0.17850000381469727,0.1842759585352106
2010-01-14,1148.4599609375,0.17629999160766602,0.1869229237937182
2010-01-15,1136.030029296875,0.17909999847412109,0.18474057558136878
2010-01-19,1150.22998046875,0.17579999923706055,0.18066237508896557
2010-01-20,1138.0400390625,0.1868000030517578,0.1787297572382292
2010-01-21,1116.47998046875,0.22270000457763672,0.1743152303222862
2010-01-22,1091.760009765625,0.2730999946594238,0.16010430652448934
2010-01-25,1096.780029296875,0.25409999847412107,0.15982306039207947
2010-01-26,1092.1700439453125,0.24549999237060546,0.15920708517623883
2010-01-27,1097.5,0.2313999938964844,0.15907613655890063
2010-01-28,1084.530029296875,0.23729999542236327,0.15401543857165625
2010-01-29,1073.8699951171875,0.246200008392334,0.14997683778041496
2010-02-01,1089.18994140625,0.2259000015258789,0.14668171199288482
2010-02-02,1103.3199462890625,0.21479999542236328,0.14355030761851326
2010-02-03,1097.280029296875,0.21600000381469728,0.14202896021305986
2010-02-04,1063.1099853515625,0.26079999923706054,0.10279008919533131
2010-02-05,1066.18994140625,0.2611000061035156,0.10298363027756666
2010-02-08,1056.739990234375,0.26510000228881836,0.09723944672361552
2010-02-09,1070.52001953125,0.26,0.09637926453706962
2010-02-10,1068.1300048828125,0.2539999961853027,0.09614621810138892
2010-02-11,1078.469970703125,0.23959999084472655,0.09418084653780974
2010-02-12,1075.510009765625,0.2272999954223633,0.09316682376694069
2010-02-16,1094.8699951171875,0.2225,0.08196996346347508
2010-02-17,1099.510009765625,0.21719999313354493,0.08331567503851217
2010-02-18,1106.75,0.20629999160766602,0.08373588627203363
2010-02-19,1109.1700439453125,0.20020000457763673,0.08541611134308627
2010-02-22,1108.010009765625,0.19940000534057617,0.0848589283842081
2010-02-23,1094.5999755859375,0.213700008392334,0.07710351744558805
2010-02-24,1105.239990234375,0.2027000045776367,0.07416781421217104
2010-02-25,1102.93994140625,0.20100000381469726,0.07394240064823832
2010-02-26,1104.489990234375,0.195,0.07389678357297222
2010-03-01,1115.7099609375,0.19260000228881835,0.07062619855737105
2010-03-02,1118.31005859375,0.19059999465942382,0.07502640710690353
2010-03-03,1118.7900390625,0.18829999923706053,0.07492990047195523
2010-03-04,1122.969970703125,0.18719999313354493,0.0927266263971701
2010-03-05,1138.699951171875,0.17420000076293946,0.08598536261120887
2010-03-08,1138.5,0.17790000915527343,0.08771655096446894
2010-03-09,1140.449951171875,0.17920000076293946,0.08813778987340057
2010-03-10,1145.6099853515625,0.18569999694824219,0.0877896514818194
2010-03-11,1150.239990234375,0.18059999465942383,0.0889136150310458
2010-03-12,1149.989990234375,0.17579999923706055,0.09052979525651604
2010-03-15,1150.510009765625,0.18,0.11672154311248101
2010-03-16,1159.4599609375,0.17690000534057618,0.11611970234866677
2010-03-17,1166.2099609375,0.1690999984741211,0.12042741474743218
2010-03-18,1165.8299560546875,0.16620000839233398,0.131142944821299
2010-03-19,1159.9000244140625,0.16969999313354492,0.13478672827593416
2010-03-22,1165.81005859375,0.16870000839233398,0.15284393425369103
2010-03-23,1174.1700439453125,0.16350000381469726,0.15262815762069715
2010-03-24,1167.719970703125,0.17549999237060546,0.1791680234148064
2010-03-25,1165.72998046875,0.18399999618530274,0.18388942584699927
2010-03-26,1166.5899658203125,0.1777000045776367,0.2248698205056055
2010-03-29,1173.219970703125,0.1759000015258789,0.22435055071849172
2010-03-30,1173.27001953125,0.171299991607666,0.22806936739852196
2010-03-31,1169.4300537109375,0.1759000015258789,0.23062855551154757
2010-04-01,1178.0999755859375,0.17469999313354492,0.235556140002812
2010-04-05,1187.43994140625,0.17020000457763673,0.234089629375745
2010-04-06,1189.43994140625,0.16229999542236329,0.2367982277884976
2010-04-07,1182.449951171875,0.16620000839233398,0.23670043017988002
2010-04-08,1186.43994140625,0.1647999954223633,0.26011114837692095
2010-04-09,1194.3699951171875,0.16139999389648438,0.2639537483654008
2010-04-12,1196.47998046875,0.15579999923706056,0.26504400396748984
2010-04-13,1197.300048828125,0.16200000762939454,0.2649990797368117
2010-04-14,1210.6500244140625,0.1559000015258789,0.26134170304592474
2010-04-15,1211.6700439453125,0.15890000343322755,0.2817574047836904
2010-04-16,1192.1300048828125,0.1836000061035156,0.2804292529049003
2010-04-19,1197.52001953125,0.1734000015258789,0.28247393940289534
2010-04-20,1207.1700439453125,0.15729999542236328,0.2931450325178365
2010-04-21,1205.93994140625,0.1631999969482422,0.2938308958516129
2010-04-22,1208.6700439453125,0.16469999313354491,0.3075952245023925
2010-04-23,1217.280029296875,0.16620000839233398,0.30683074815183536
2010-04-26,1212.050048828125,0.17469999313354492,0.31024512884587346
2010-04-27,1183.7099609375,0.22809999465942382,0.3048946849886145
2010-04-28,1191.3599853515625,0.21079999923706055,0.3182782938061292
2010-04-29,1206.780029296875,0.18440000534057618,0.31552718502950083
2010-04-30,1186.68994140625,0.22049999237060547,0.3129573923152845
2010-05-03,1202.260009765625,0.20190000534057617,0.318787538229553
2010-05-04,1173.5999755859375,0.2384000015258789,0.3121456106701631
2010-05-05,1165.8699951171875,0.2490999984741211,0.31190926764548904
2010-05-06,1128.1500244140625,0.32799999237060545,0.2973717229788682
2010-05-07,1110.8800048828125,0.40950000762939454,0.29413683152873316
2010-05-10,1159.72998046875,0.2884000015258789,0.2678795189468568
2010-05-11,1155.7900390625,0.28319999694824216,0.26786211770613677
2010-05-12,1171.6700439453125,0.2552000045776367,0.26711581197338136
2010-05-13,1157.43994140625,0.26680000305175783,0.26612217413195016
2010-05-14,1135.6800537109375,0.31239999771118165,0.2614441538954869
2010-05-17,1136.93994140625,0.30840000152587893,0.274983457524533
2010-05-18,1120.800048828125,0.33549999237060546,0.27375702818516384
2010-05-19,1115.050048828125,0.35319999694824217,0.2736706887168799
2010-05-20,1071.5899658203125,0.45790000915527346,0.25031813505093176
2010-05-21,1087.68994140625,0.40099998474121096,0.24635124375274783
2010-05-24,1073.6500244140625,0.3831999969482422,0.26147197105497244
2010-05-25,1074.030029296875,0.3461000061035156,0.26300410801425167
2010-05-26,1067.949951171875,0.3502000045776367,0.2632816369490248
2010-05-27,1103.06005859375,0.2968000030517578,0.24517511209756715
2010-05-28,1089.4100341796875,0.3206999969482422,0.2468255386463583
2010-06-01,1070.7099609375,0.3554000091552734,0.24120274444591663
2010-06-02,1098.3800048828125,0.30170000076293946,0.229523967895754
2010-06-03,1102.8299560546875,0.29459999084472654,0.24416352042394104
2010-06-04,1064.8800048828125,0.3547999954223633,0.22274280069242217
2010-06-07,1050.469970703125,0.3656999969482422,0.22102971530928472
2010-06-08,1062.0,0.3370000076293945,0.22254860957088887
2010-06-09,1055.68994140625,0.3372999954223633,0.23060645030422067
2010-06-10,1086.8399658203125,0.3056999969482422,0.216135961067309
2010-06-11,1091.5999755859375,0.2879000091552734,0.21807533664994327
2010-06-14,1089.6300048828125,0.28579999923706056,0.2180105867904945
2010-06-15,1115.22998046875,0.258700008392334,0.208283764584408
2010-06-16,1114.6099853515625,0.2592000007629395,0.20858913979751453
2010-06-17,1116.0400390625,0.2504999923706055,0.20853396458612763
2010-06-18,1117.510009765625,0.23950000762939452,0.21823809733372218
2010-06-21,1113.199951171875,0.24879999160766603,0.21840967555331706
2010-06-22,1095.31005859375,0.27049999237060546,0.21333370769840931
2010-06-23,1092.0400390625,0.2690999984741211,0.21311520140892415
2010-06-24,1073.68994140625,0.29739999771118164,0.20678016288330076
2010-06-25,1076.760009765625,0.28530000686645507,0.20707221926145689
2010-06-28,1074.5699462890625,0.29,0.20797979476983364
2010-06-29,1041.239990234375,0.34130001068115234,0.2040933147284249
2010-06-30,1030.7099609375,0.3454000091552734,0.2021813877047305
2010-07-01,1027.3699951171875,0.32860000610351564,0.20236014290832824
2010-07-02,1022.5800170898438,0.30120000839233396,0.20153538268607832
2010-07-06,1028.06005859375,0.29649999618530276,0.2035165954400517
2010-07-07,1060.27001953125,0.2684000015258789,0.18426354714176982
2010-07-08,1070.25,0.25709999084472657,0.18974967634523274
2010-07-09,1077.9599609375,0.24979999542236328,0.18886942269652654
2010-07-12,1078.75,0.2443000030517578,0.1891735757103421
2010-07-13,1095.3399658203125,0.24559999465942384,0.18755615560038108
2010-07-14,1095.1700439453125,0.2488999938964844,0.1880108160901975
2010-07-15,1096.47998046875,0.25139999389648443,0.18878171194628163
2010-07-16,1064.8800048828125,0.2625,0.17655374498572926
2010-07-19,1071.25,0.2596999931335449,0.18067753493199643
2010-07-20,1083.47998046875,0.2393000030517578,0.17708004621957396
2010-07-21,1069.5899658203125,0.25639999389648443,0.1937171040627388
2010-07-22,1093.6700439453125,0.24629999160766602,0.1842683180773905
2010-07-23,1102.6600341796875,0.23469999313354492,0.18674408374633872
2010-07-26,1115.010009765625,0.2272999954223633,0.1866150436781308
2010-07-27,1113.8399658203125,0.23190000534057617,0.18774511740026822
2010-07-28,1106.1300048828125,0.2425,0.18730468143003107
2010-07-29,1101.530029296875,0.24129999160766602,0.1874095172123531
2010-07-30,1101.5999755859375,0.235,0.19001489680019273
2010-08-02,1125.8599853515625,0.22010000228881835,0.17910340463450872
2010-08-03,1120.4599609375,0.226299991607666,0.1788464646141461
2010-08-04,1127.239990234375,0.22209999084472656,0.17797277568449532
2010-08-05,1125.81005859375,0.22100000381469725,0.17795435922362038
2010-08-06,1121.6400146484375,0.21739999771118165,0.18283289721834375
2010-08-09,1127.7900390625,0.2213999938964844,0.18246438663860998
2010-08-10,1121.06005859375,0.22370000839233398,0.1821479200705789
2010-08-11,1089.469970703125,0.25389999389648443,0.16257566592003625
2010-08-12,1083.6099853515625,0.25729999542236326,0.17120490641587893
2010-08-13,1079.25,0.26239999771118167,0.17177188203643118
2010-08-16,1079.3800048828125,0.2610000038146973,0.17189414696442584
2010-08-17,1092.5400390625,0.24329999923706055,0.16967648092236515
2010-08-18,1094.1600341796875,0.2459000015258789,0.17020990977726536
2010-08-19,1075.6300048828125,0.26440000534057617,0.1610817445020368
2010-08-20,1071.68994140625,0.25489999771118166,0.162948537854096
2010-08-23,1067.3599853515625,0.25659999847412107,0.17056013646033297
2010-08-24,1051.8699951171875,0.2745999908447266,0.16279930275974863
2010-08-25,1055.3299560546875,0.2670000076293945,0.16341953018007166
2010-08-26,1047.219970703125,0.273700008392334,0.16035464298072277
2010-08-27,1064.5899658203125,0.24450000762939453,0.15586241660341402
2010-08-30,1048.9200439453125,0.2720999908447266,0.14639570134838528
2010-08-31,1049.3299560546875,0.26049999237060545,0.1463943609133993
2010-09-01,1080.2900390625,0.23889999389648442,0.12682255359515932
2010-09-02,1090.0999755859375,0.23190000534057617,0.12542975325239458
2010-09-03,1104.510009765625,0.21309999465942384,0.12221703977747486
2010-09-07,1091.8399658203125,0.23799999237060546,0.12720752847930647
2010-09-08,1098.8699951171875,0.2325,0.12890866818714866
2010-09-09,1104.1800537109375,0.22809999465942382,0.12869794949890354
2010-09-10,1109.550048828125,0.21989999771118163,0.12845821046800535
2010-09-13,1121.9000244140625,0.21209999084472655,0.12564015817144022
2010-09-14,1121.0999755859375,0.21559999465942384,0.1255289017225278
2010-09-15,1125.0699462890625,0.22100000381469725,0.12610607556630854
2010-09-16,1124.6600341796875,0.21719999313354493,0.12597234429599963
2010-09-17,1125.5899658203125,0.22010000228881835,0.12610265526008443
2010-09-20,1142.7099609375,0.215,0.11950371263341956
2010-09-21,1139.780029296875,0.22350000381469726,0.12041034230115837
2010-09-22,1134.280029296875,0.22510000228881835,0.1190133870569535
2010-09-23,1124.8299560546875,0.238700008392334,0.12505281980314123
2010-09-24,1148.6700439453125,0.21709999084472656,0.11258788517954751
2010-09-27,1142.1600341796875,0.22540000915527345,0.11089051723785076
2010-09-28,1147.699951171875,0.22600000381469726,0.11457050853093657
2010-09-29,1144.72998046875,0.2325,0.11399714654026291
2010-09-30,1141.199951171875,0.23700000762939452,0.1145045469657076
2010-10-01,1146.239990234375,0.225,0.12112690631869527
2010-10-04,1137.030029296875,0.23530000686645508,0.11800948211172636
2010-10-05,1160.75,0.21760000228881837,0.11515202574460523
2010-10-06,1159.969970703125,0.21489999771118165,0.11510222080592526
2010-10-07,1158.06005859375,0.21559999465942384,0.12249449218019215
2010-10-08,1165.1500244140625,0.20709999084472655,0.1216602745081129
2010-10-11,1165.3199462890625,0.18959999084472656,0.12186451958165348
2010-10-12,1169.77001953125,0.18930000305175781,0.12929660733663745
2010-10-13,1178.0999755859375,0.1906999969482422,0.13463952351503433
2010-10-14,1173.81005859375,0.198799991607666,0.13614041871141574
2010-10-15,1176.18994140625,0.19030000686645507,0.13615351078347057
2010-10-18,1184.7099609375,0.1909000015258789,0.13576234960928393
2010-10-19,1165.9000244140625,0.20629999160766602,0.14089477431342673
2010-10-20,1178.1700439453125,0.19790000915527345,0.1423470948378128
2010-10-21,1180.260009765625,0.19270000457763672,0.142395964829096
2010-10-22,1183.0799560546875,0.18780000686645507,0.142536960609838
2010-10-25,1185.6199951171875,0.19850000381469726,0.14251236708865692
2010-10-26,1185.6400146484375,0.20219999313354492,0.142678109626822
2010-10-27,1182.449951171875,0.20709999084472655,0.14239309691179503
2010-10-28,1183.780029296875,0.20879999160766602,0.14300788430964406
2010-10-29,1183.260009765625,0.21200000762939453,0.14295568738322248
2010-11-01,1184.3800048828125,0.21829999923706056,0.1429570803456604
2010-11-02,1193.5699462890625,0.21569999694824218,0.14300490687806938
2010-11-03,1197.9599609375,0.19559999465942382,0.14356975822666507
2010-11-04,1221.06005859375,0.18520000457763672,0.13319638076542376
2010-11-05,1225.8499755859375,0.18260000228881837,0.13296067401627615
2010-11-08,1223.25,0.18290000915527344,0.13361645463681768
2010-11-09,1213.4000244140625,0.19079999923706054,0.13106582949661946
2010-11-10,1218.7099609375,0.18469999313354493,0.13097206152708105
2010-11-11,1213.5400390625,0.1863999938964844,0.13002461788943437
2010-11-12,1199.2099609375,0.2061000061035156,0.12400832696478083
2010-11-15,1197.75,0.20200000762939452,0.12373484100068155
2010-11-16,1178.3399658203125,0.22579999923706054,0.11186189882353337
2010-11-17,1178.5899658203125,0.21760000228881837,0.11192948995258
2010-11-18,1196.68994140625,0.1875,0.10842174056134486
2010-11-19,1199.72998046875,0.18040000915527343,0.10883921042435164
2010-11-22,1197.8399658203125,0.183700008392334,0.10868008312486502
2010-11-23,1180.72998046875,0.20629999160766602,0.0977562765839301
2010-11-24,1198.3499755859375,0.19559999465942382,0.09127694112600432
2010-11-26,1189.4000244140625,0.2221999931335449,0.08739978024604907
2010-11-29,1187.760009765625,0.2153000068664551,0.08684308837562205
2010-11-30,1180.550048828125,0.23540000915527343,0.08507660243727765
2010-12-01,1206.0699462890625,0.2136000061035156,0.06541299136069541
2010-12-02,1221.530029296875,0.1938999938964844,0.059377244826589154
2010-12-03,1224.7099609375,0.18010000228881837,0.059358155697301206
2010-12-06,1223.1199951171875,0.1802000045776367,0.06834461277394069
2010-12-07,1223.75,0.17989999771118165,0.06878645857822406
2010-12-08,1228.280029296875,0.17739999771118165,0.06853136195744093
2010-12-09,1233.0,0.1725,0.06936457139784744
2010-12-10,1240.4000244140625,0.17610000610351562,0.0681421541635972
2010-12-13,1240.4599609375,0.17549999237060546,0.06852515473565277
2010-12-14,1241.5899658203125,0.17610000610351562,0.06853828179164108
2010-12-15,1235.22998046875,0.17940000534057618,0.0870653135727477
2010-12-16,1242.8699951171875,0.17389999389648436,0.08790826624797023
2010-12-17,1243.9100341796875,0.16110000610351563,0.09859257441549368
2010-12-20,1247.0799560546875,0.1640999984741211,0.09936400121851893
2010-12-21,1254.5999755859375,0.16489999771118163,0.0984783524434686
2010-12-22,1258.8399658203125,0.15449999809265136,0.09840126203708122
2010-12-23,1256.77001953125,0.16469999313354491,0.09895988231566769
2010-12-27,1257.5400390625,0.17670000076293946,0.09918574824082163
2010-12-28,1258.510009765625,0.1752000045776367,0.10001858600712028
2010-12-29,1259.780029296875,0.17280000686645508,0.10003501719940983
2010-12-30,1257.8800048828125,0.1752000045776367,0.10019975492878715
2010-12-31,1257.6400146484375,0.1775,0.1000245998189229
2011-01-03,1271.8699951171875,0.17610000610351562,0.0970543688063797
2011-01-04,1270.199951171875,0.17379999160766602,0.09765856317990666
2011-01-05,1276.56005859375,0.17020000457763673,0.09725146054427158
2011-01-06,1273.8499755859375,0.17399999618530274,0.09659964342530279
2011-01-07,1271.5,0.1713999938964844,0.11625750723994015
2011-01-10,1269.75,0.17540000915527343,0.11795312948639432
2011-01-11,1274.47998046875,0.16889999389648438,0.11779114536562768
2011-01-12,1285.9599609375,0.16239999771118163,0.11878889800730265
2011-01-13,1283.760009765625,0.16389999389648438,0.11928054364974491
2011-01-14,1293.239990234375,0.15460000038146973,0.1274216774120646
2011-01-18,1295.02001953125,0.15869999885559083,0.12744045673656845
2011-01-19,1281.9200439453125,0.17309999465942383,0.13227985125679992
2011-01-20,1280.260009765625,0.17989999771118165,0.13446930596088355
2011-01-21,1283.3499755859375,0.18469999313354493,0.137127427911511
2011-01-24,1290.8399658203125,0.17649999618530274,0.13840517043965617
2011-01-25,1291.1800537109375,0.1759000015258789,0.13853915561530647
2011-01-26,1296.6300048828125,0.16639999389648438,0.14944498295405484
2011-01-27,1299.5400390625,0.16149999618530272,0.15072912999321583
2011-01-28,1276.3399658203125,0.20040000915527345,0.1419608953939105
2011-01-31,1286.1199951171875,0.19530000686645507,0.144278202549853
2011-02-01,1307.5899658203125,0.17629999160766602,0.14612500993461955
2011-02-02,1304.030029296875,0.17299999237060548,0.1520530823756644
2011-02-03,1307.0999755859375,0.16690000534057617,0.15250670170227038
2011-02-04,1310.8699951171875,0.1593000030517578,0.15879875692151643
2011-02-07,1319.050048828125,0.16280000686645507,0.15782518235162027
2011-02-08,1324.5699462890625,0.158100004196167,0.15753145672764562
2011-02-09,1320.8800048828125,0.15869999885559083,0.16000541481470307
2011-02-10,1321.8699951171875,0.1609000015258789,0.16029233280805605
2011-02-11,1329.1500244140625,0.15689999580383301,0.15952545685433867
2011-02-14,1332.3199462890625,0.15949999809265136,0.1608154603178795
2011-02-15,1328.010009765625,0.16370000839233398,0.1618129391635712
2011-02-16,1336.3199462890625,0.16719999313354492,0.16079942467585254
2011-02-17,1340.4300537109375,0.16590000152587892,0.16122978040966793
2011-02-18,1343.010009765625,0.16430000305175782,0.16111406457426825
2011-02-22,1315.43994140625,0.20799999237060546,0.14895370483917358
2011-02-23,1307.4000244140625,0.221299991607666,0.14771396660323585
2011-02-24,1306.0999755859375,0.21319999694824218,0.147774608341946
2011-02-25,1319.8800048828125,0.1921999931335449,0.14537420174711319
2011-02-28,1327.219970703125,0.18350000381469728,0.14472217246883895
2011-03-01,1306.3299560546875,0.21010000228881837,0.13884497153688216
2011-03-02,1308.43994140625,0.20700000762939452,0.13878021675476274
2011-03-03,1330.969970703125,0.18600000381469728,0.12918380909325552
2011-03-04,1321.1500244140625,0.19059999465942382,0.1280223877412739
2011-03-07,1310.1300048828125,0.20659999847412108,0.12977982385588518
2011-03-08,1321.8199462890625,0.1981999969482422,0.1281833888738927
2011-03-09,1320.02001953125,0.20219999313354492,0.13407964781566087
2011-03-10,1295.1099853515625,0.21879999160766603,0.1215852615000442
2011-03-11,1304.280029296875,0.20079999923706054,0.12046465331552823
2011-03-14,1296.3900146484375,0.21129999160766602,0.12090071128444467
2011-03-15,1281.8699951171875,0.24319999694824218,0.11564297924732839
2011-03-16,1256.8800048828125,0.29399999618530276,0.09594202521945637
2011-03-17,1273.719970703125,0.263700008392334,0.09045235984087006
2011-03-18,1279.2099609375,0.24440000534057618,0.09097373959924374
2011-03-21,1298.3800048828125,0.2061000061035156,0.08374893190559071
2011-03-22,1293.77001953125,0.20209999084472657,0.08600223635854257
2011-03-23,1297.5400390625,0.19170000076293944,0.09102063074291951
2011-03-24,1309.6600341796875,0.18,0.08798794834172217
2011-03-25,1313.800048828125,0.17909999847412109,0.0884024639947711
2011-03-28,1310.18994140625,0.19440000534057617,0.09013685966335067
2011-03-29,1319.43994140625,0.1815999984741211,0.09515767728301346
2011-03-30,1328.260009765625,0.17709999084472655,0.09430331741410695
2011-03-31,1325.8299560546875,0.17739999771118165,0.09735529991286287
2011-04-01,1332.4100341796875,0.17399999618530274,0.09809961485463042
2011-04-04,1332.8699951171875,0.175,0.09809494920483368
2011-04-05,1332.6300048828125,0.1725,0.10139986075192582
2011-04-06,1335.5400390625,0.16899999618530273,0.10139889056072351
2011-04-07,1333.510009765625,0.1711000061035156,0.10387358813491882
2011-04-08,1328.1700439453125,0.178700008392334,0.10900118650067848
2011-04-11,1324.4599609375,0.16590000152587892,0.10875389391532919
2011-04-12,1314.1600341796875,0.17090000152587892,0.10672398406092215
2011-04-13,1314.4100341796875,0.16920000076293945,0.10728676242092815
2011-04-14,1314.52001953125,0.16270000457763673,0.1078432270862356
2011-04-15,1319.6800537109375,0.1531999969482422,0.11135903187993618
2011-04-18,1305.1400146484375,0.16959999084472657,0.12665569338279342
2011-04-19,1312.6199951171875,0.15829999923706056,0.1256417663626923
2011-04-20,1330.3599853515625,0.1506999969482422,0.12205958099213625
2011-04-21,1337.3800048828125,0.146899995803833,0.12404058112693099
2011-04-25,1335.25,0.15770000457763672,0.12404126996196249
2011-04-26,1347.239990234375,0.15619999885559083,0.12042653439565612
2011-04-27,1355.6600341796875,0.15350000381469728,0.12111071081264116
2011-04-28,1360.47998046875,0.14619999885559082,0.125202893462672
2011-04-29,1363.6099853515625,0.1475,0.12477480866396885
2011-05-02,1361.219970703125,0.15989999771118163,0.13200195083292013
2011-05-03,1356.6199951171875,0.16700000762939454,0.1396357754430298
2011-05-04,1347.3199462890625,0.17079999923706055,0.13942764296940172
2011-05-05,1335.0999755859375,0.18200000762939453,0.13851134475960963
2011-05-06,1340.199951171875,0.18399999618530274,0.13911967514882603
2011-05-09,1346.2900390625,0.1715999984741211,0.1447034542520106
2011-05-10,1357.1600341796875,0.1590999984741211,0.14268267299507684
2011-05-11,1342.0799560546875,0.16950000762939454,0.13992479744011713
2011-05-12,1348.6500244140625,0.16030000686645507,0.14166460387996418
2011-05-13,1337.77001953125,0.1706999969482422,0.1440532555249459
2011-05-16,1329.469970703125,0.18239999771118165,0.14911011215396225
2011-05-17,1328.97998046875,0.17549999237060546,0.15141692683936422
2011-05-18,1340.6800537109375,0.16229999542236329,0.15215850044341062
2011-05-19,1343.5999755859375,0.15520000457763672,0.15796502524335576
2011-05-20,1333.27001953125,0.1743000030517578,0.15636464029090402
2011-05-23,1317.3699951171875,0.18270000457763672,0.1520951618723088
2011-05-24,1316.280029296875,0.17819999694824218,0.15467151750491676
2011-05-25,1320.469970703125,0.1706999969482422,0.1561812233374411
2011-05-26,1325.68994140625,0.1609000015258789,0.1650331809520788
2011-05-27,1331.0999755859375,0.15979999542236328,0.16498258735735158
2011-05-31,1345.199951171875,0.15449999809265136,0.16206517714193766
2011-06-01,1314.550048828125,0.18299999237060546,0.1488676107318811
2011-06-02,1312.93994140625,0.1809000015258789,0.14972921052813576
2011-06-03,1300.1600341796875,0.17950000762939453,0.14887390059504982
2011-06-06,1286.1700439453125,0.18489999771118165,0.15213813333070936
2011-06-07,1284.93994140625,0.18069999694824218,0.152107870267292
2011-06-08,1279.56005859375,0.18790000915527344,0.1553911142360987
2011-06-09,1289.0,0.1777000045776367,0.15445023975752822
2011-06-10,1270.97998046875,0.1886000061035156,0.14893892074222992
2011-06-13,1271.8299560546875,0.19610000610351558,0.1498682805126542
2011-06-14,1287.8699951171875,0.18260000228881837,0.1591273344649578
2011-06-15,1265.4200439453125,0.21319999694824218,0.15018873816304665
2011-06-16,1267.6400146484375,0.2272999954223633,0.1516746150024947
2011-06-17,1271.5,0.21850000381469725,0.15211512675401048
2011-06-20,1278.3599853515625,0.19989999771118164,0.1692541594355865
2011-06-21,1295.52001953125,0.1886000061035156,0.16494452271259621
2011-06-22,1287.1400146484375,0.18520000457763672,0.21564904403093402
2011-06-23,1283.5,0.19290000915527344,0.21570302187577553
2011-06-24,1268.449951171875,0.21100000381469727,0.2888756749058394
2011-06-27,1280.0999755859375,0.20559999465942383,0.3219555452537595
2011-06-28,1296.6700439453125,0.19170000076293944,0.34060569296164855
2011-06-29,1307.4100341796875,0.1727000045776367,0.3687040072590237
2011-06-30,1320.6400146484375,0.16520000457763673,0.36741058233050966
2011-07-01,1339.6700439453125,0.15869999885559083,0.3710919209529526
2011-07-05,1337.8800048828125,0.16059999465942382,0.37146276107318643
2011-07-06,1339.219970703125,0.1634000015258789,0.37145668142864974
2011-07-07,1353.219970703125,0.15949999809265136,0.38792682109800547
2011-07-08,1343.800048828125,0.15949999809265136,0.38887754508503064
2011-07-11,1319.489990234375,0.1838999938964844,0.38749324708972893
2011-07-12,1313.6400146484375,0.19870000839233398,0.4037082061941608
2011-07-13,1317.719970703125,0.1990999984741211,0.4062618488858844
2011-07-14,1308.8699951171875,0.20799999237060546,0.4076599814109877
2011-07-15,1316.1400146484375,0.19530000686645507,0.41050854548312293
2011-07-18,1305.43994140625,0.20950000762939452,0.42030571068732236
2011-07-19,1326.72998046875,0.19209999084472656,0.4168540281535681
2011-07-20,1325.8399658203125,0.1909000015258789,0.41743717568120653
2011-07-21,1343.800048828125,0.17559999465942383,0.41532592567222026
2011-07-22,1345.02001953125,0.1752000045776367,0.41988192402480157
2011-07-25,1337.4300537109375,0.19350000381469726,0.41995653899466723
2011-07-26,1331.93994140625,0.2022999954223633,0.4306141280403048
2011-07-27,1304.8900146484375,0.2297999954223633,0.42817417578810013
2011-07-28,1300.6700439453125,0.23739999771118164,0.43373320506620816
2011-07-29,1292.280029296875,0.2525,0.4348049094540259
2011-08-01,1286.93994140625,0.23659999847412108,0.43633009056477723
2011-08-02,1254.050048828125,0.24790000915527344,0.43333913673982327
2011-08-03,1260.3399658203125,0.233799991607666,0.43637152236203536
2011-08-04,1200.0699462890625,0.31659999847412107,0.41265551142692264
2011-08-05,1199.3800048828125,0.32,0.41372809303190994
2011-08-08,1119.4599609375,0.48,0.35834178823588125
2011-08-09,1172.530029296875,0.35060001373291017,0.3449082006167286
2011-08-10,1120.760009765625,0.429900016784668,0.33219729342928644
2011-08-11,1172.6400146484375,0.39,0.30432582443566614
2011-08-12,1178.81005859375,0.3636000061035156,0.311818488318383
2011-08-15,1204.489990234375,0.318700008392334,0.3066871261287121
2011-08-16,1192.760009765625,0.32849998474121095,0.3111752300201138
2011-08-17,1193.8900146484375,0.31579999923706054,0.3122852810106353
2011-08-18,1140.6500244140625,0.4266999816894531,0.2919111504527784
2011-08-19,1123.530029296875,0.4304999923706055,0.3005742298678641
2011-08-22,1123.8199462890625,0.42439998626708986,0.3078645144565545
2011-08-23,1162.3499755859375,0.36270000457763674,0.2959011983347004
2011-08-24,1177.5999755859375,0.35900001525878905,0.29829413363873825
2011-08-25,1159.27001953125,0.397599983215332,0.2957281636792659
2011-08-26,1176.800048828125,0.3559000015258789,0.30857397495617045
2011-08-29,1210.0799560546875,0.32279998779296876,0.29746847324434167
2011-08-30,1212.9200439453125,0.3288999938964844,0.2988331732025791
2011-08-31,1218.8900146484375,0.316200008392334,0.298545502871404
2011-09-01,1204.4200439453125,0.3181999969482422,0.30072589551981005
2011-09-02,1173.969970703125,0.33919998168945314,0.2966377109936905
2011-09-06,1165.239990234375,0.37,0.3007908337538488
2011-09-07,1198.6199951171875,0.33380001068115234,0.2926766821143952
2011-09-08,1185.9000244140625,0.3431999969482422,0.29103352368950425
2011-09-09,1154.22998046875,0.3852000045776367,0.28301147221460876
2011-09-12,1162.27001953125,0.3859000015258789,0.2843421194193933
2011-09-13,1172.8699951171875,0.3690999984741211,0.2911030009970307
2011-09-14,1188.6800537109375,0.34599998474121096,0.2901965791894534
2011-09-15,1209.1099853515625,0.3196999931335449,0.3017691853277924
2011-09-16,1216.010009765625,0.3097999954223633,0.30159974095951825
2011-09-19,1204.0899658203125,0.32729999542236327,0.30982396428716563
2011-09-20,1202.0899658203125,0.32860000610351564,0.32149487472544463
2011-09-21,1166.760009765625,0.3731999969482422,0.3112576283029832
2011-09-22,1129.56005859375,0.4134999847412109,0.2970924776541875
2011-09-23,1136.4300537109375,0.4125,0.2983861497877839
2011-09-26,1162.949951171875,0.3902000045776367,0.2926132694187121
2011-09-27,1175.3800048828125,0.37709999084472656,0.29287244859614386
2011-09-28,1151.06005859375,0.41080001831054686,0.3079376427619274
2011-09-29,1160.4000244140625,0.3884000015258789,0.30802524222179023
2011-09-30,1131.4200439453125,0.42959999084472655,0.30045403131936543
2011-10-03,1099.22998046875,0.4545000076293945,0.2872113387718754
2011-10-04,1123.949951171875,0.40819999694824216,0.2821660972534133
2011-10-05,1144.030029296875,0.37810001373291013,0.28501766914795756
2011-10-06,1164.969970703125,0.36270000457763674,0.286531919904148
2011-10-07,1155.4599609375,0.36200000762939455,0.28514236994049214
2011-10-10,1194.8900146484375,0.3302000045776367,0.27449456509168413
2011-10-11,1195.5400390625,0.32860000610351564,0.2747427584545965
2011-10-12,1207.25,0.31260000228881835,0.28032250137944253
2011-10-13,1203.6600341796875,0.30700000762939456,0.2803085354001995
2011-10-14,1224.5799560546875,0.2823999977111816,0.2888387693598667
2011-10-17,1200.8599853515625,0.3338999938964844,0.2834479144463626
2011-10-18,1225.3800048828125,0.31559999465942384,0.3038668623187936
2011-10-19,1209.8800048828125,0.34439998626708984,0.30135579683302904
2011-10-20,1215.3900146484375,0.3477999877929687,0.3011779537970794
2011-10-21,1238.25,0.3131999969482422,0.2978169423087906
2011-10-24,1254.18994140625,0.2926000022888184,0.29554439894274204
2011-10-25,1229.050048828125,0.32220001220703126,0.28919123883014786
2011-10-26,1242.0,0.2986000061035156,0.294660080861976
2011-10-27,1284.5899658203125,0.25459999084472656,0.28149184926553156
2011-10-28,1285.0899658203125,0.2453000068664551,0.2844693428313747
2011-10-31,1253.300048828125,0.29959999084472655,0.2764408171021764
2011-11-01,1218.280029296875,0.3477000045776367,0.2659086528334329
2011-11-02,1237.9000244140625,0.32740001678466796,0.26171413796181925
2011-11-03,1261.1500244140625,0.305,0.2556275510019432
2011-11-04,1253.22998046875,0.3015999984741211,0.2570905878219995
2011-11-07,1261.1199951171875,0.29850000381469727,0.27134050436356805
2011-11-08,1275.9200439453125,0.2747999954223633,0.26899661905070643
2011-11-09,1229.0999755859375,0.3615999984741211,0.24672959475507783
2011-11-10,1239.699951171875,0.32810001373291015,0.24684597720139492
2011-11-11,1263.8499755859375,0.30040000915527343,0.24045643434994277
2011-11-14,1251.780029296875,0.311299991607666,0.2416377150460651
2011-11-15,1257.81005859375,0.3121999931335449,0.2432481072107925
2011-11-16,1236.9100341796875,0.335099983215332,0.23836089484037026
2011-11-17,1216.1300048828125,0.34509998321533203,0.23613112826659266
2011-11-18,1215.6500244140625,0.32,0.23609375822138742
2011-11-21,1192.97998046875,0.3290999984741211,0.22798052229814686
2011-11-22,1188.0400390625,0.3196999931335449,0.22762779632210756
2011-11-23,1161.7900390625,0.3397999954223633,0.21519136714611795
2011-11-25,1158.6700439453125,0.3447000122070312,0.21502280466237494
2011-11-28,1192.550048828125,0.3213000106811523,0.20145001155725561
2011-11-29,1195.18994140625,0.3063999938964844,0.2014478324437932
2011-11-30,1246.9599609375,0.27799999237060546,0.1634994883109538
2011-12-01,1244.5799560546875,0.2740999984741211,0.1633891053497572
2011-12-02,1244.280029296875,0.2752000045776367,0.16572874590742512
2011-12-05,1257.0799560546875,0.2784000015258789,0.164049476631235
2011-12-06,1258.469970703125,0.281299991607666,0.16406319996366114
2011-12-07,1261.010009765625,0.28670000076293944,0.1640799566601264
2011-12-08,1234.3499755859375,0.30590000152587893,0.14946810297494414
2011-12-09,1255.18994140625,0.26379999160766604,0.14432819181899725
2011-12-12,1236.469970703125,0.2567000007629395,0.13725377442112932
2011-12-13,1225.72998046875,0.25409999847412107,0.13386380654853405
2011-12-14,1211.8199462890625,0.26040000915527345,0.12826904100624228
2011-12-15,1215.75,0.25110000610351557,0.12857438867764467
2011-12-16,1219.6600341796875,0.24290000915527343,0.12986275038932657
2011-12-19,1205.3499755859375,0.24920000076293947,0.12248421903272985
2011-12-20,1241.300048828125,0.23219999313354492,0.10039645125661661
2011-12-21,1243.719970703125,0.2143000030517578,0.10077970691878135
2011-12-22,1254.0,0.2115999984741211,0.09935763075792212
2011-12-23,1265.3299560546875,0.20729999542236327,0.09736196629152112
2011-12-27,1265.4300537109375,0.2190999984741211,0.0971869855502162
2011-12-28,1249.6400146484375,0.2352000045776367,0.09090990967844663
2011-12-29,1263.02001953125,0.22649999618530273,0.0885143659016479
2011-12-30,1257.5999755859375,0.23399999618530273,0.0868693103471153
2012-01-03,1277.06005859375,0.22969999313354492,0.08051463442822157
2012-01-04,1277.300048828125,0.2221999931335449,0.08472362678667471
2012-01-05,1281.06005859375,0.21479999542236328,0.0846865324811769
2012-01-06,1277.81005859375,0.20629999160766602,0.08368111881078157
2012-01-09,1280.699951171875,0.21069999694824218,0.0851705761242911
2012-01-10,1292.0799560546875,0.20690000534057618,0.08295026598775666
2012-01-11,1292.47998046875,0.21049999237060546,0.08283254698381645
2012-01-12,1295.5,0.20469999313354492,0.08283025226465875
2012-01-13,1289.0899658203125,0.20909999847412108,0.08039826709358826
2012-01-17,1293.6700439453125,0.22200000762939454,0.08264818398005605
2012-01-18,1308.0400390625,0.20889999389648442,0.0790244425026491
2012-01-19,1314.5,0.19870000839233398,0.07962288333339683
2012-01-20,1315.3800048828125,0.1828000068664551,0.08104789291934948
2012-01-23,1316.0,0.18670000076293947,0.09442321597132461
2012-01-24,1314.6500244140625,0.1890999984741211,0.09594393377092174
2012-01-25,1326.06005859375,0.18309999465942384,0.09678212807211384
2012-01-26,1318.4300537109375,0.18569999694824219,0.09489400725546361
2012-01-27,1316.3299560546875,0.1853000068664551,0.0945646646022347
2012-01-30,1313.010009765625,0.19399999618530273,0.10529619271220564
2012-01-31,1312.4100341796875,0.19440000534057617,0.10547047194028072
2012-02-01,1324.0899658203125,0.18549999237060547,0.1041586051765872
2012-02-02,1325.5400390625,0.17979999542236327,0.10415696044290326
2012-02-03,1344.9000244140625,0.17100000381469727,0.09735468658675349
2012-02-06,1344.3299560546875,0.17760000228881836,0.09809856015048762
2012-02-07,1347.050048828125,0.17649999618530274,0.09856130889015355
2012-02-08,1349.9599609375,0.1815999984741211,0.1016063492356724
2012-02-09,1351.949951171875,0.18629999160766603,0.1017764460017157
2012-02-10,1342.6400146484375,0.20790000915527343,0.10525159544809105
2012-02-13,1351.77001953125,0.19040000915527344,0.1049716455090904
2012-02-14,1350.5,0.19540000915527345,0.10640565006729237
2012-02-15,1343.22998046875,0.21139999389648442,0.1048792470025017
2012-02-16,1358.0400390625,0.1921999931335449,0.10120378645735709
2012-02-17,1361.22998046875,0.17780000686645508,0.10278196760115191
2012-02-21,1362.2099609375,0.18190000534057618,0.1039501104052092
2012-02-22,1357.6600341796875,0.18190000534057618,0.10842491199934007
2012-02-23,1363.4599609375,0.16799999237060548,0.10807166755223765
2012-02-24,1365.739990234375,0.17309999465942383,0.11370893865484655
2012-02-27,1367.5899658203125,0.18190000534057618,0.12458802247649435
2012-02-28,1372.1800537109375,0.17959999084472655,0.12615059286965638
2012-02-29,1365.6800537109375,0.1843000030517578,0.13143112090258904
2012-03-01,1374.0899658203125,0.17260000228881836,0.13559873298577357
2012-03-02,1369.6300048828125,0.17290000915527343,0.13527614120183787
2012-03-05,1364.3299560546875,0.18049999237060546,0.1418255628090635
2012-03-06,1343.3599853515625,0.208700008392334,0.13419463589950434
2012-03-07,1352.6300048828125,0.1906999969482422,0.13448065916293847
2012-03-08,1365.9100341796875,0.17950000762939453,0.13166134707088387
2012-03-09,1370.8699951171875,0.1711000061035156,0.1336491962975381
2012-03-12,1371.0899658203125,0.15640000343322755,0.13409468646200126
2012-03-13,1395.949951171875,0.14800000190734863,0.12948965095671208
2012-03-14,1394.280029296875,0.15310000419616698,0.13091838830036065
2012-03-15,1402.5999755859375,0.15420000076293944,0.12995118278080312
2012-03-16,1404.1700439453125,0.1447000026702881,0.13039286915279588
2012-03-19,1409.75,0.15039999961853026,0.13094197160314755
2012-03-20,1405.52001953125,0.15579999923706056,0.1308524957809178
2012-03-21,1402.8900146484375,0.15130000114440917,0.13261993130713245
2012-03-22,1392.780029296875,0.15569999694824221,0.1391766018455068
2012-03-23,1397.1099853515625,0.1481999969482422,0.13877290465098938
2012-03-26,1416.510009765625,0.14260000228881836,0.1321440845569925
2012-03-27,1412.52001953125,0.1559000015258789,0.1330247373460741
2012-03-28,1405.5400390625,0.15470000267028808,0.1330500581374954
2012-03-29,1403.280029296875,0.15479999542236328,0.1332042499788494
2012-03-30,1408.469970703125,0.155,0.1354043795568834
2012-04-02,1419.0400390625,0.15640000343322755,0.13302148109299716
2012-04-03,1413.3800048828125,0.1565999984741211,0.13307742908118916
2012-04-04,1398.9599609375,0.16440000534057617,0.136393858735844
2012-04-05,1398.0799560546875,0.16700000762939454,0.1370786900254036
2012-04-09,1382.199951171875,0.18809999465942384,0.1443934359993199
2012-04-10,1358.5899658203125,0.20389999389648442,0.13669289719859426
2012-04-11,1368.7099609375,0.20020000457763673,0.1346017061614852
2012-04-12,1387.5699462890625,0.17200000762939452,0.12727260174691857
2012-04-13,1370.260009765625,0.19549999237060547,0.12302752389327058
2012-04-16,1369.5699462890625,0.19549999237060547,0.12810337610809944
2012-04-17,1390.780029296875,0.18459999084472656,0.12424804541845061
2012-04-18,1385.1400146484375,0.1863999938964844,0.12408684927132743
2012-04-19,1376.9200439453125,0.1836000061035156,0.1406553600228896
2012-04-20,1378.530029296875,0.17440000534057618,0.14044971919036237
2012-04-23,1366.93994140625,0.1896999931335449,0.1412505793596495
2012-04-24,1371.969970703125,0.18100000381469727,0.1578646627953257
2012-04-25,1390.68994140625,0.1681999969482422,0.15144805822715934
2012-04-26,1399.97998046875,0.16239999771118163,0.15219855683620018
2012-04-27,1403.3599853515625,0.1631999969482422,0.15482841643593276
2012-04-30,1397.9100341796875,0.17149999618530273,0.15987904442910872
2012-05-01,1405.8199462890625,0.16600000381469726,0.1589695309082016
2012-05-02,1402.31005859375,0.168799991607666,0.16335578365533138
2012-05-03,1391.5699462890625,0.17559999465942383,0.16599797961113663
2012-05-04,1369.0999755859375,0.1915999984741211,0.15982999523246919
2012-05-07,1369.5799560546875,0.18940000534057616,0.1626214530109296
2012-05-08,1363.719970703125,0.19049999237060547,0.16223926398938163
2012-05-09,1354.5799560546875,0.20079999923706054,0.17380071613581827
2012-05-10,1357.989990234375,0.18829999923706053,0.17506540137374926
2012-05-11,1353.3900146484375,0.1988999938964844,0.18062009521166947
2012-05-14,1338.3499755859375,0.21870000839233397,0.1787079334889995
2012-05-15,1330.6600341796875,0.21969999313354494,0.17999519793978172
2012-05-16,1324.800048828125,0.22270000457763672,0.1796247139029167
2012-05-17,1304.8599853515625,0.24489999771118165,0.18708112449941502
2012-05-18,1295.219970703125,0.2510000038146973,0.1852025426431359
2012-05-21,1315.989990234375,0.22010000228881835,0.1808473609863062
2012-05-22,1316.6300048828125,0.22479999542236329,0.1817066870055287
2012-05-23,1318.8599853515625,0.22329999923706054,0.18434340220748943
2012-05-24,1320.6800537109375,0.21540000915527344,0.184481898723458
2012-05-25,1317.8199462890625,0.21760000228881837,0.18612721745176025
2012-05-29,1332.4200439453125,0.21030000686645509,0.18348533632849737
2012-05-30,1313.3199462890625,0.24139999389648442,0.17891273205854732
2012-05-31,1310.3299560546875,0.24059999465942383,0.1844333163222531
2012-06-01,1278.0400390625,0.2665999984741211,0.16747310435564944
2012-06-04,1278.1800537109375,0.261200008392334,0.16811681333361522
2012-06-05,1285.5,0.2468000030517578,0.16831316616009578
2012-06-06,1315.1300048828125,0.2215999984741211,0.15661454887248133
2012-06-07,1314.989990234375,0.21719999313354493,0.16016268354053387
2012-06-08,1325.6600341796875,0.21229999542236327,0.16139326000608187
2012-06-11,1308.9300537109375,0.23559999465942383,0.15912307582887103
2012-06-12,1324.1800537109375,0.2209000015258789,0.1557789053227578
2012-06-13,1314.8800048828125,0.2427000045776367,0.16085680812329564
2012-06-14,1329.0999755859375,0.2168000030517578,0.16671927542123569
2012-06-15,1342.8399658203125,0.2111000061035156,0.16463891209933149
2012-06-18,1344.780029296875,0.18319999694824218,0.1653629457546403
2012-06-19,1357.97998046875,0.18379999160766602,0.1634893480767144
2012-06-20,1355.68994140625,0.17239999771118164,0.16501528900296808
2012-06-21,1325.510009765625,0.20079999923706054,0.15892509173173797
2012-06-22,1335.02001953125,0.1811000061035156,0.15807618534620047
2012-06-25,1313.719970703125,0.20379999160766601,0.14934329395902188
2012-06-26,1319.989990234375,0.19719999313354492,0.14919683885868662
2012-06-27,1331.8499755859375,0.19450000762939454,0.14779553409397386
2012-06-28,1329.0400390625,0.19709999084472657,0.1473489169873517
2012-06-29,1362.1600341796875,0.17079999923706055,0.13080034405358967
2012-07-02,1365.510009765625,0.16799999237060548,0.13076667378784135
2012-07-03,1374.02001953125,0.1665999984741211,0.12980712427492644
2012-07-05,1367.5799560546875,0.175,0.12999352524954882
2012-07-06,1354.6800537109375,0.17100000381469727,0.12603351327534731
2012-07-09,1352.4599609375,0.17979999542236327,0.12576709870360528
2012-07-10,1341.469970703125,0.18719999313354493,0.12333451314290081
2012-07-11,1341.449951171875,0.17950000762939453,0.12330673115693562
2012-07-12,1334.760009765625,0.18329999923706056,0.12509792878839482
2012-07-13,1356.780029296875,0.16739999771118164,0.11805553745078681
2012-07-16,1353.6400146484375,0.1711000061035156,0.11768594283805699
2012-07-17,1363.6700439453125,0.1647999954223633,0.11643750211797733
2012-07-18,1372.780029296875,0.1615999984741211,0.1152376511100591
2012-07-19,1376.510009765625,0.15449999809265136,0.11782507554160569
2012-07-20,1362.6600341796875,0.16270000457763673,0.11403716280032529
2012-07-23,1350.52001953125,0.18620000839233397,0.11027165061799593
2012-07-24,1338.31005859375,0.20469999313354492,0.10607071106557099
2012-07-25,1337.8900146484375,0.1934000015258789,0.11882120179276606
2012-07-26,1360.02001953125,0.17530000686645508,0.11119742308884355
2012-07-27,1385.969970703125,0.16700000762939454,0.10108343903310144
2012-07-30,1385.300048828125,0.1803000068664551,0.10115859838691055
2012-07-31,1379.3199462890625,0.18930000305175781,0.09984580065643281
2012-08-01,1375.3199462890625,0.18959999084472656,0.10777430352568909
2012-08-02,1365.0,0.17569999694824218,0.10403061012867824
2012-08-03,1390.989990234375,0.15640000343322755,0.09264696972068813
2012-08-06,1394.22998046875,0.15949999809265136,0.09300425694896228
2012-08-07,1401.3499755859375,0.15989999771118163,0.09238735674878895
2012-08-08,1402.219970703125,0.1531999969482422,0.09253269654500099
2012-08-09,1402.800048828125,0.15279999732971192,0.09258661346419945
2012-08-10,1405.8699951171875,0.14739999771118165,0.09311891231017294
2012-08-13,1404.1099853515625,0.13699999809265137,0.09896012417210096
2012-08-14,1403.9300537109375,0.14850000381469727,0.1007832751815459
2012-08-15,1405.530029296875,0.1463000011444092,0.10404305470462973
2012-08-16,1415.510009765625,0.14289999961853028,0.10354565412360542
2012-08-17,1418.1600341796875,0.13449999809265137,0.10365385757593969
2012-08-20,1418.1300048828125,0.1402000045776367,0.10363867881100225
2012-08-21,1413.1700439453125,0.15020000457763671,0.10321711799472419
2012-08-22,1413.489990234375,0.15109999656677245,0.10477416283967876
2012-08-23,1402.0799560546875,0.15960000038146974,0.10119212503891219
2012-08-24,1411.1300048828125,0.15180000305175778,0.10095385901288839
2012-08-27,1410.43994140625,0.16350000381469726,0.10579821096820242
2012-08-28,1409.300048828125,0.16489999771118163,0.10761985845844707
2012-08-29,1410.489990234375,0.17059999465942383,0.10762065306696318
2012-08-30,1399.47998046875,0.17829999923706055,0.10523345908859309
2012-08-31,1406.5799560546875,0.17469999313354492,0.10665762939645616
2012-09-04,1404.93994140625,0.17979999542236327,0.1099009185225359
2012-09-05,1403.43994140625,0.17739999771118165,0.11001084591162105
2012-09-06,1432.1199951171875,0.15600000381469728,0.0947447733019302
2012-09-07,1437.9200439453125,0.1438000011444092,0.10651829214288383
2012-09-10,1429.0799560546875,0.16280000686645507,0.10496347210671884
2012-09-11,1433.56005859375,0.1640999984741211,0.1127608279832516
2012-09-12,1436.56005859375,0.15800000190734864,0.11273469380412841
2012-09-13,1459.989990234375,0.14050000190734863,0.10155180916042231
2012-09-14,1465.77001953125,0.14510000228881836,0.10043220689665062
2012-09-17,1461.18994140625,0.1459000015258789,0.10034848092063298
2012-09-18,1459.3199462890625,0.1418000030517578,0.10620371319466895
2012-09-19,1461.050048828125,0.13880000114440919,0.10895425536574083
2012-09-20,1460.260009765625,0.1406999969482422,0.10935260358488165
2012-09-21,1460.1500244140625,0.1397999954223633,0.11228695744447392
2012-09-24,1456.8900146484375,0.1414999961853027,0.13096553545770687
2012-09-25,1441.5899658203125,0.15430000305175778,0.13209577604008388
2012-09-26,1433.3199462890625,0.16809999465942382,0.13178342863736703
2012-09-27,1447.1500244140625,0.1484000015258789,0.12779325135839958
2012-09-28,1440.6700439453125,0.15729999542236328,0.12770359605307352
2012-10-01,1444.489990234375,0.1631999969482422,0.13193326583088522
2012-10-02,1445.75,0.15710000038146973,0.13164059022286106
2012-10-03,1450.989990234375,0.15430000305175778,0.13215135164686564
2012-10-04,1461.4000244140625,0.14550000190734863,0.1442428580249024
2012-10-05,1460.9300537109375,0.14329999923706058,0.14435546116698375
2012-10-08,1455.8800048828125,0.15109999656677245,0.1447177727469528
2012-10-09,1441.47998046875,0.16370000839233398,0.148298733670126
2012-10-10,1432.56005859375,0.16290000915527345,0.1474563998642742
2012-10-11,1432.8399658203125,0.1559000015258789,0.14803662753967692
2012-10-12,1428.5899658203125,0.16139999389648438,0.14995422831794245
2012-10-15,1440.1300048828125,0.15270000457763672,0.1484875486773611
2012-10-16,1454.9200439453125,0.15220000267028808,0.1449609479971475
2012-10-17,1460.9100341796875,0.1506999969482422,0.1445760148609908
2012-10-18,1457.3399658203125,0.15029999732971192,0.14453639619284248
2012-10-19,1433.18994140625,0.17059999465942383,0.13697221975679708
2012-10-22,1433.8199462890625,0.16620000839233398,0.13740423649001912
2012-10-23,1413.1099853515625,0.18829999923706053,0.1310241481082658
2012-10-24,1408.75,0.18329999923706056,0.13067126935291745
2012-10-25,1412.969970703125,0.181200008392334,0.1317181394963808
2012-10-26,1411.93994140625,0.17809999465942383,0.13167858643206712
2012-10-31,1412.1600341796875,0.18600000381469728,0.1331168574310019
2012-11-01,1427.5899658203125,0.16690000534057617,0.12970200990807687
2012-11-02,1414.199951171875,0.1759000015258789,0.13134603567376585
2012-11-05,1417.260009765625,0.18420000076293946,0.13512552302852635
2012-11-06,1428.3900146484375,0.17579999923706055,0.13545069352016428
2012-11-07,1394.530029296875,0.19079999923706054,0.11517824398465341
2012-11-08,1377.510009765625,0.18489999771118165,0.11255008885589775
2012-11-09,1379.8499755859375,0.1861000061035156,0.11304579775267365
2012-11-12,1380.030029296875,0.16680000305175782,0.11431341833756987
2012-11-13,1374.530029296875,0.16649999618530273,0.11355164649330068
2012-11-14,1355.489990234375,0.17920000076293946,0.11055521804506424
2012-11-15,1353.3299560546875,0.17989999771118165,0.1191307763399777
2012-11-16,1359.8800048828125,0.1640999984741211,0.13683500538159346
2012-11-19,1386.8900146484375,0.15239999771118165,0.12719900561994593
2012-11-20,1387.81005859375,0.15079999923706056,0.12748218305414422
2012-11-21,1391.030029296875,0.15310000419616698,0.12827856046874914
2012-11-23,1409.1500244140625,0.15140000343322754,0.12442505660046195
2012-11-26,1406.2900390625,0.155,0.12413546394684552
2012-11-27,1398.93994140625,0.15920000076293944,0.12384646155734845
2012-11-28,1409.9300537109375,0.15510000228881837,0.12255792506497118
2012-11-29,1415.949951171875,0.15060000419616698,0.12244226664954916
2012-11-30,1416.1800537109375,0.15869999885559083,0.12239874835613418
2012-12-03,1409.4599609375,0.16639999389648438,0.12110526839970072
2012-12-04,1407.050048828125,0.17120000839233399,0.12130211257762537
2012-12-05,1409.280029296875,0.16459999084472657,0.12140008232712378
2012-12-06,1413.93994140625,0.16579999923706054,0.12156586916831953
2012-12-07,1418.0699462890625,0.15899999618530272,0.12152238656467296
2012-12-10,1418.550048828125,0.16049999237060547,0.12155984582094138
2012-12-11,1427.8399658203125,0.15569999694824221,0.12122602772691575
2012-12-12,1428.47998046875,0.15949999809265136,0.1216164399886115
2012-12-13,1419.449951171875,0.16559999465942382,0.11960026688149065
2012-12-14,1413.5799560546875,0.17,0.11949627969029736
2012-12-17,1430.3599853515625,0.1634000015258789,0.11649670789553011
2012-12-18,1446.7900390625,0.15569999694824221,0.11551981315536879
2012-12-19,1435.81005859375,0.17360000610351561,0.11878549410929247
2012-12-20,1443.68994140625,0.17670000076293946,0.12107902707866969
2012-12-21,1430.1500244140625,0.1784000015258789,0.11661054432748036
2012-12-24,1426.6600341796875,0.1784000015258789,0.11642104763254364
2012-12-26,1419.8299560546875,0.1947999954223633,0.11514259581145504
2012-12-27,1418.0999755859375,0.1946999931335449,0.11499680620213265
2012-12-28,1402.4300537109375,0.22719999313354491,0.10784461788592062
2012-12-31,1426.18994140625,0.1802000045776367,0.0992834513608394
2013-01-02,1462.4200439453125,0.1468000030517578,0.07158083457999
2013-01-03,1459.3699951171875,0.145600004196167,0.07121279293479688
2013-01-04,1466.469970703125,0.13829999923706057,0.0726044625714853
2013-01-07,1461.8900146484375,0.13789999961853028,0.08214599033078424
2013-01-08,1457.1500244140625,0.1361999988555908,0.08402960883862556
2013-01-09,1461.02001953125,0.138100004196167,0.08685758019097035
2013-01-10,1472.1199951171875,0.13489999771118164,0.10183682658916475
2013-01-11,1472.050048828125,0.13359999656677246,0.10317163133802153
2013-01-14,1470.6800537109375,0.13520000457763673,0.1088171845462809
2013-01-15,1472.3399658203125,0.13550000190734862,0.10895178264108805
2013-01-16,1472.6300048828125,0.13420000076293945,0.10899897583430149
2013-01-17,1480.93994140625,0.1356999969482422,0.10866157167706272
2013-01-18,1485.97998046875,0.12460000038146973,0.11126254072013203
2013-01-22,1492.56005859375,0.1243000030517578,0.11083960289943523
2013-01-23,1494.81005859375,0.12460000038146973,0.1108536511628722
2013-01-24,1494.8199462890625,0.12689999580383302,0.1112308359054411
2013-01-25,1502.9599609375,0.12890000343322755,0.11069307365821057
2013-01-28,1500.1800537109375,0.1356999969482422,0.11083585020289777
2013-01-29,1507.8399658203125,0.133100004196167,0.11020467957984534
2013-01-30,1501.9599609375,0.1431999969482422,0.10995398650821876
2013-01-31,1498.1099853515625,0.1427999973297119,0.1096961492711824
2013-02-01,1513.1700439453125,0.12899999618530272,0.10829359480584162
2013-02-04,1495.7099609375,0.14670000076293943,0.10221868716651891
2013-02-05,1511.2900390625,0.1372000026702881,0.09986319016741865
2013-02-06,1512.1199951171875,0.1340999984741211,0.10347474860727615
2013-02-07,1509.3900146484375,0.135,0.10481028934706473
2013-02-08,1517.9300537109375,0.13020000457763672,0.1046125227147681
2013-02-11,1517.010009765625,0.12939999580383302,0.10647242949965116
2013-02-12,1519.4300537109375,0.12640000343322755,0.10655661869489268
2013-02-13,1520.3299560546875,0.12979999542236328,0.10692901152155047
2013-02-14,1521.3800048828125,0.1265999984741211,0.10812685605457498
2013-02-15,1519.7900390625,0.12460000038146973,0.10865973106971351
2013-02-19,1530.93994140625,0.123100004196167,0.11209545252401744
2013-02-20,1511.949951171875,0.1468000030517578,0.10551396243138284
2013-02-21,1502.4200439453125,0.15220000267028808,0.10444618926770276
2013-02-22,1515.5999755859375,0.14170000076293943,0.10312452322604791
2013-02-25,1487.8499755859375,0.18989999771118163,0.0851016381555674
2013-02-26,1496.93994140625,0.16870000839233398,0.08944508695395006
2013-02-27,1515.989990234375,0.14729999542236327,0.08370488794626006
2013-02-28,1514.6800537109375,0.15510000228881837,0.08441567925601597
2013-03-01,1518.199951171875,0.15359999656677245,0.11085421434861427
2013-03-04,1525.199951171875,0.14010000228881836,0.11708053364283896
2013-03-05,1539.7900390625,0.1347999954223633,0.12249816967107484
2013-03-06,1541.4599609375,0.1352999973297119,0.12412298379621865
2013-03-07,1544.260009765625,0.130600004196167,0.126639776642675
2013-03-08,1551.1800537109375,0.1259000015258789,0.12669304369691528
2013-03-11,1556.219970703125,0.11560000419616699,0.129802226984336
2013-03-12,1552.47998046875,0.12270000457763672,0.1295241628860877
2013-03-13,1554.52001953125,0.11829999923706057,0.12989944460765646
2013-03-14,1563.22998046875,0.11300000190734863,0.1292291002129639
2013-03-15,1560.699951171875,0.11300000190734863,0.13053379068398402
2013-03-18,1552.0999755859375,0.13359999656677246,0.1292745543285357
2013-03-19,1548.3399658203125,0.14390000343322754,0.13237318762115935
2013-03-20,1558.7099609375,0.12670000076293944,0.1336455541287245
2013-03-21,1545.800048828125,0.13989999771118164,0.13358050635046836
2013-03-22,1556.8900146484375,0.1356999969482422,0.1324960543071694
2013-03-25,1551.68994140625,0.13739999771118164,0.1322260952210454
2013-03-26,1563.77001953125,0.12770000457763672,0.13116313762335755
2013-03-27,1562.8499755859375,0.13149999618530273,0.131886790069607
2013-03-28,1569.18994140625,0.12699999809265136,0.13193619062564707
2013-04-01,1562.1700439453125,0.13579999923706057,0.1308468883160882
2013-04-02,1570.25,0.12779999732971192,0.1328134392564981
2013-04-03,1553.68994140625,0.14210000038146972,0.12792493981503728
2013-04-04,1559.97998046875,0.13890000343322753,0.12946796259596655
2013-04-05,1553.280029296875,0.13920000076293942,0.1302950423911783
2013-04-08,1563.0699462890625,0.13189999580383302,0.13004329555176594
2013-04-09,1568.6099853515625,0.1284000015258789,0.1299791458195051
2013-04-10,1587.72998046875,0.12359999656677247,0.12974264226358684
2013-04-11,1593.3699951171875,0.12239999771118164,0.1301640390239804
2013-04-12,1588.8499755859375,0.120600004196167,0.12971873127141417
2013-04-15,1552.3599853515625,0.1727000045776367,0.10764662236946283
2013-04-16,1574.5699462890625,0.13960000038146972,0.10471196980667564
2013-04-17,1552.010009765625,0.16510000228881835,0.09325539765786443
2013-04-18,1541.6099853515625,0.17559999465942383,0.10186113601451048
2013-04-19,1555.25,0.14970000267028807,0.10048616061673334
2013-04-22,1562.5,0.14390000343322754,0.10227022079540926
2013-04-23,1578.780029296875,0.1347999954223633,0.10786198584105902
2013-04-24,1578.7900390625,0.13609999656677246,0.1101914801338262
2013-04-25,1585.1600341796875,0.1361999988555908,0.11512440185113305
2013-04-26,1582.239990234375,0.13609999656677246,0.11486167026750511
2013-04-29,1593.6099853515625,0.13710000038146972,0.11808159190911724
2013-04-30,1597.5699462890625,0.13520000457763673,0.120816604686416
2013-05-01,1582.699951171875,0.14489999771118164,0.12414307610176079
2013-05-02,1597.5899658203125,0.13590000152587892,0.12320574825164204
2013-05-03,1614.4200439453125,0.12850000381469728,0.12143932340837221
2013-05-06,1617.5,0.1265999984741211,0.12319933946112412
2013-05-07,1625.9599609375,0.12829999923706056,0.12945605644740374
2013-05-08,1632.68994140625,0.1265999984741211,0.14820611830592287
2013-05-09,1626.6700439453125,0.13130000114440918,0.14831842585887417
2013-05-10,1633.699951171875,0.1259000015258789,0.15116658677265038
2013-05-13,1633.77001953125,0.12550000190734864,0.15429895201123342
2013-05-14,1650.3399658203125,0.12770000457763672,0.15396714972999073
2013-05-15,1658.780029296875,0.128100004196167,0.15436801431559194
2013-05-16,1650.469970703125,0.1306999969482422,0.1542154530317809
2013-05-17,1667.469970703125,0.12449999809265137,0.15178626621242014
2013-05-20,1666.2900390625,0.13020000457763672,0.1517903431127885
2013-05-21,1669.1600341796875,0.1336999988555908,0.15166967495098915
2013-05-22,1655.3499755859375,0.1381999969482422,0.15346154607149348
2013-05-23,1650.510009765625,0.1406999969482422,0.1541510535652162
2013-05-24,1649.5999755859375,0.13989999771118164,0.1556305022054452
2013-05-28,1660.06005859375,0.14479999542236327,0.15449559926691045
2013-05-29,1648.3599853515625,0.14829999923706055,0.1579257099891434
2013-05-30,1654.4100341796875,0.1452999973297119,0.15783451024968967
2013-05-31,1630.739990234375,0.16299999237060547,0.15136064009958355
2013-06-03,1640.4200439453125,0.16280000686645507,0.15123868998994394
2013-06-04,1631.3800048828125,0.16270000457763673,0.15016876718461275
2013-06-05,1608.9000244140625,0.175,0.14375610694503038
2013-06-06,1622.56005859375,0.166299991607666,0.1422925371562152
2013-06-07,1643.3800048828125,0.15140000343322754,0.1381943779296524
2013-06-10,1642.81005859375,0.154399995803833,0.13839476253411423
2013-06-11,1626.1300048828125,0.1706999969482422,0.1351035969931082
2013-06-12,1612.52001953125,0.1859000015258789,0.13202921584201935
2013-06-13,1636.3599853515625,0.1640999984741211,0.12604825749657367
2013-06-14,1626.72998046875,0.17149999618530273,0.1251569220232524
2013-06-17,1639.0400390625,0.16799999237060548,0.12370780421579744
2013-06-18,1651.81005859375,0.16610000610351563,0.12203050668361372
2013-06-19,1628.9300537109375,0.16639999389648438,0.11847962406188237
2013-06-20,1588.18994140625,0.20489999771118164,0.08686359379169549
2013-06-21,1592.4300537109375,0.18899999618530272,0.08760515923907708
2013-06-24,1573.0899658203125,0.20110000610351558,0.07993848377536888
2013-06-25,1588.030029296875,0.18469999313354493,0.07920523581946738
2013-06-26,1603.260009765625,0.17209999084472657,0.07621853999778716
2013-06-27,1613.199951171875,0.16860000610351564,0.07670503527196859
2013-06-28,1606.280029296875,0.16860000610351564,0.07513659615338697
2013-07-01,1614.9599609375,0.16370000839233398,0.07439407962825131
2013-07-02,1614.0799560546875,0.16440000534057617,0.07673689440863449
2013-07-03,1615.4100341796875,0.16200000762939454,0.08941237498875676
2013-07-05,1631.8900146484375,0.14890000343322754,0.08579383240707403
2013-07-08,1640.4599609375,0.1477999973297119,0.08651339534224493
2013-07-09,1652.3199462890625,0.1435000038146973,0.08463687491600924
2013-07-10,1652.6199951171875,0.14210000038146972,0.0862831392862433
2013-07-11,1675.02001953125,0.14010000228881836,0.08053585383507417
2013-07-12,1680.18994140625,0.13840000152587892,0.08089198111019648
2013-07-15,1682.5,0.13789999961853028,0.081422472241156
2013-07-16,1676.260009765625,0.14420000076293943,0.09263512239911033
2013-07-17,1680.9100341796875,0.1377999973297119,0.09262603173934843
2013-07-18,1689.3699951171875,0.13770000457763673,0.09133551336745131
2013-07-19,1692.0899658203125,0.12539999961853027,0.09118945969421002
2013-07-22,1695.530029296875,0.12289999961853028,0.0920445511614113
2013-07-23,1692.3900146484375,0.1265999984741211,0.09578179998262269
2013-07-24,1685.93994140625,0.1318000030517578,0.0955054028954602
2013-07-25,1690.25,0.12970000267028808,0.0950584559182398
2013-07-26,1691.6500244140625,0.12720000267028808,0.09987978203139829
2013-07-29,1685.3299560546875,0.13390000343322753,0.10178529061313803
2013-07-30,1685.9599609375,0.13390000343322753,0.10217094924540374
2013-07-31,1685.72998046875,0.13449999809265137,0.10265891998712383
2013-08-01,1706.8699951171875,0.12939999580383302,0.09600929482326244
2013-08-02,1709.6700439453125,0.11979999542236328,0.09744633310425446
2013-08-05,1707.1400146484375,0.1184000015258789,0.09820712535681475
2013-08-06,1697.3699951171875,0.12720000267028808,0.10273122678212808
2013-08-07,1690.9100341796875,0.12979999542236328,0.10216186775171826
2013-08-08,1697.47998046875,0.12729999542236328,0.10413967890961227
2013-08-09,1691.4200439453125,0.1340999984741211,0.10456050001655899
2013-08-12,1689.469970703125,0.128100004196167,0.10480764060919902
2013-08-13,1694.1600341796875,0.123100004196167,0.10483053501148912
2013-08-14,1685.3900146484375,0.13039999961853027,0.10412933762674514
2013-08-15,1661.3199462890625,0.14729999542236327,0.09545736039649735
2013-08-16,1655.8299560546875,0.14369999885559082,0.0967538674825807
2013-08-19,1646.06005859375,0.15100000381469728,0.09710149946006058
2013-08-20,1652.3499755859375,0.1490999984741211,0.09683182641625769
2013-08-21,1642.800048828125,0.15939999580383302,0.09917042674238614
2013-08-22,1656.9599609375,0.14760000228881837,0.09819730888811104
2013-08-23,1663.5,0.1397999954223633,0.10120180402703931
2013-08-26,1656.780029296875,0.14989999771118165,0.1070223858804746
2013-08-27,1630.47998046875,0.16770000457763673,0.09570686386464879
2013-08-28,1634.9599609375,0.16489999771118163,0.1134539344005943
2013-08-29,1638.1700439453125,0.16809999465942382,0.11440230300579585
2013-08-30,1632.969970703125,0.17010000228881836,0.11386450523647319
2013-09-03,1639.77001953125,0.16610000610351563,0.11625785079388726
2013-09-04,1653.0799560546875,0.15880000114440918,0.12026312675817265
2013-09-05,1655.0799560546875,0.15770000457763672,0.12126293411607847
2013-09-06,1655.1700439453125,0.15850000381469728,0.12202434818114727
2013-09-09,1671.7099609375,0.15630000114440917,0.11959413046533537
2013-09-10,1683.989990234375,0.1452999973297119,0.118997889602326
2013-09-11,1689.1300048828125,0.1381999969482422,0.12017700570456037
2013-09-12,1683.4200439453125,0.14289999961853028,0.11955693906721919
2013-09-13,1687.989990234375,0.14159999847412108,0.11982287340379524
2013-09-16,1697.5999755859375,0.1438000011444092,0.11913116879483784
2013-09-17,1704.760009765625,0.1452999973297119,0.11948996737477169
2013-09-18,1725.52001953125,0.13590000152587892,0.11622919029810706
2013-09-19,1722.3399658203125,0.1315999984741211,0.1167570493348234
2013-09-20,1709.9100341796875,0.13119999885559083,0.11447293427183225
2013-09-23,1701.8399658203125,0.143100004196167,0.11338789898164543
2013-09-24,1697.4200439453125,0.14079999923706057,0.11345149601107068
2013-09-25,1692.77001953125,0.14010000228881836,0.11311696448987653
2013-09-26,1698.6700439453125,0.140600004196167,0.12072637228692094
2013-09-27,1691.75,0.15460000038146973,0.12491647614238907
2013-09-30,1681.550048828125,0.16600000381469726,0.12287758189612605
2013-10-01,1695.0,0.15539999961853027,0.12197874641819427
2013-10-02,1693.8699951171875,0.16600000381469726,0.12331025196968763
2013-10-03,1678.6600341796875,0.17670000076293946,0.11932489089048721
2013-10-04,1690.5,0.16739999771118164,0.11860194238323922
2013-10-07,1676.1199951171875,0.1940999984741211,0.1156361187459776
2013-10-08,1655.449951171875,0.2034000015258789,0.10788490422328331
2013-10-09,1656.4000244140625,0.19600000381469726,0.10924451621932073
2013-10-10,1692.56005859375,0.1647999954223633,0.09469603981033127
2013-10-11,1703.199951171875,0.15720000267028808,0.09425311395533584
2013-10-14,1710.1400146484375,0.1606999969482422,0.09446941642822071
2013-10-15,1698.06005859375,0.1865999984741211,0.09084218423926055
2013-10-16,1721.5400390625,0.14710000038146973,0.083787356801482
2013-10-17,1733.1500244140625,0.1347999954223633,0.08263207867152364
2013-10-18,1744.5,0.13039999961853027,0.08196053195532897
2013-10-21,1744.6600341796875,0.1315999984741211,0.08284822086721538
2013-10-22,1754.6700439453125,0.13329999923706057,0.08182910672097533
2013-10-23,1746.3800048828125,0.13420000076293945,0.08161256842983557
2013-10-24,1752.0699462890625,0.13199999809265137,0.08680569717121749
2013-10-25,1759.77001953125,0.1309000015258789,0.08625099889239682
2013-10-28,1762.1099853515625,0.133100004196167,0.087048018326281
2013-10-29,1771.949951171875,0.1340999984741211,0.09259310534624526
2013-10-30,1763.31005859375,0.13649999618530273,0.09211847637803912
2013-10-31,1756.5400390625,0.1375,0.09131432277092413
2013-11-01,1761.6400146484375,0.13279999732971193,0.09265997803485641
2013-11-04,1767.9300537109375,0.1293000030517578,0.09273969052438734
2013-11-05,1762.969970703125,0.13270000457763673,0.10349098398587311
2013-11-06,1770.489990234375,0.12670000076293944,0.10307214979921613
2013-11-07,1747.1500244140625,0.1390999984741211,0.09471488497275977
2013-11-08,1770.6099853515625,0.12899999618530272,0.08852429466238596
2013-11-11,1771.8900146484375,0.12529999732971192,0.0886783240168941
2013-11-12,1767.68994140625,0.12819999694824222,0.08862679376297136
2013-11-13,1782.0,0.12520000457763672,0.08643368633570017
2013-11-14,1790.6199951171875,0.12369999885559083,0.08577018809792199
2013-11-15,1798.1800537109375,0.12189999580383301,0.08568647704565753
2013-11-18,1791.530029296875,0.13100000381469729,0.08936691439160989
2013-11-19,1787.8699951171875,0.13390000343322753,0.08903973019980703
2013-11-20,1781.3699951171875,0.13399999618530273,0.0886097690392388
2013-11-21,1795.8499755859375,0.1265999984741211,0.08735026688711546
2013-11-22,1804.760009765625,0.12260000228881836,0.08648160764797871
2013-11-25,1802.47998046875,0.12789999961853027,0.08630582109381447
2013-11-26,1802.75,0.128100004196167,0.08642246942276308
2013-11-27,1807.22998046875,0.12979999542236328,0.09450626487154783
2013-11-29,1805.81005859375,0.13699999809265137,0.0992438484249532
2013-12-02,1800.9000244140625,0.14229999542236327,0.09957354561773195
2013-12-03,1795.1500244140625,0.14550000190734863,0.09906025211307158
2013-12-04,1792.81005859375,0.14699999809265138,0.09985243807349427
2013-12-05,1785.030029296875,0.15079999923706056,0.09876189086652605
2013-12-06,1805.0899658203125,0.13789999961853028,0.09401038448966101
2013-12-09,1808.3699951171875,0.13489999771118164,0.09800190895139105
2013-12-10,1802.6199951171875,0.1390999984741211,0.11578151703363558
2013-12-11,1782.219970703125,0.15420000076293944,0.11180776716647206
2013-12-12,1775.5,0.15539999961853027,0.11258938660995549
2013-12-13,1775.3199462890625,0.15760000228881835,0.11669409018424975
2013-12-16,1786.5400390625,0.16030000686645507,0.11982590055508932
2013-12-17,1781.0,0.16209999084472657,0.12101683433943261
2013-12-18,1810.6500244140625,0.13800000190734862,0.12836583600653712
2013-12-19,1809.5999755859375,0.1414999961853027,0.130930001267979
2013-12-20,1818.3199462890625,0.13789999961853028,0.12978148622863445
2013-12-23,1827.989990234375,0.13039999961853027,0.13440717627691406
2013-12-24,1833.3199462890625,0.12479999542236328,0.14021083637270043
2013-12-26,1842.02001953125,0.12329999923706056,0.13944923633500492
2013-12-27,1841.4000244140625,0.12460000038146973,0.14356787290060588
2013-12-30,1841.0699462890625,0.135600004196167,0.14356693864246917
2013-12-31,1848.3599853515625,0.1372000026702881,0.14414965922622933
2014-01-02,1831.97998046875,0.14229999542236327,0.14253497091050205
2014-01-03,1831.3699951171875,0.13760000228881836,0.14255921460042997
2014-01-06,1826.77001953125,0.13550000190734862,0.14369322152799144
2014-01-07,1837.8800048828125,0.12920000076293944,0.14367506771937297
2014-01-08,1837.489990234375,0.12869999885559083,0.1437858247471373
2014-01-09,1838.1300048828125,0.12890000343322755,0.14490103321863945
2014-01-10,1842.3699951171875,0.12140000343322754,0.14482059351060175
2014-01-13,1819.199951171875,0.13279999732971193,0.13972704630073313
2014-01-14,1838.8800048828125,0.12279999732971192,0.13699375642404488
2014-01-15,1848.3800048828125,0.12279999732971192,0.1364313174227292
2014-01-16,1845.8900146484375,0.12529999732971192,0.13814716527483692
2014-01-17,1838.699951171875,0.12439999580383301,0.14437156317040958
2014-01-21,1843.800048828125,0.12869999885559083,0.14424013751855763
2014-01-22,1844.8599853515625,0.1284000015258789,0.14428063581225523
2014-01-23,1828.4599609375,0.13770000457763673,0.14144183155180404
2014-01-24,1790.2900390625,0.18139999389648442,0.1252882207919028
2014-01-27,1781.56005859375,0.17420000076293946,0.12538242219353002
2014-01-28,1792.5,0.15800000190734864,0.12467991236343336
2014-01-29,1774.199951171875,0.17350000381469727,0.12597358992326027
2014-01-30,1794.18994140625,0.17290000915527343,0.12294239064176511
2014-01-31,1782.5899658203125,0.1840999984741211,0.12340932637383514
2014-02-03,1741.8900146484375,0.21440000534057618,0.1002166353626931
2014-02-04,1755.199951171875,0.1911000061035156,0.10192704886330148
2014-02-05,1751.6400146484375,0.19950000762939454,0.1018686064358522
2014-02-06,1773.4300537109375,0.1722999954223633,0.09821028317376906
2014-02-07,1797.02001953125,0.15289999961853026,0.09367996494267845
2014-02-10,1799.8399658203125,0.15260000228881837,0.09415894672169617
2014-02-11,1819.75,0.14510000228881836,0.09232419921017523
2014-02-12,1819.260009765625,0.14300000190734863,0.0925780110423763
2014-02-13,1829.8299560546875,0.14140000343322753,0.09206434705019383
2014-02-14,1838.6300048828125,0.1356999969482422,0.09374096298317411
2014-02-18,1840.760009765625,0.1386999988555908,0.09556004072176558
2014-02-19,1828.75,0.155,0.09313216889426759
2014-02-20,1839.780029296875,0.1478999996185303,0.09216232703212225
2014-02-21,1836.25,0.1468000030517578,0.09987360184368219
2014-02-24,1847.6099853515625,0.14229999542236327,0.10358141260682588
2014-02-25,1845.1199951171875,0.13670000076293942,0.10407534800342023
2014-02-26,1845.1600341796875,0.1435000038146973,0.10862364920370701
2014-02-27,1854.2900390625,0.14039999961853028,0.1244233981318884
2014-02-28,1859.449951171875,0.14,0.12679778767185723
2014-03-03,1845.72998046875,0.16,0.12778002646571524
2014-03-04,1873.9100341796875,0.1410000038146973,0.12110380292198397
2014-03-05,1873.81005859375,0.13890000343322753,0.1252252706128317
2014-03-06,1877.030029296875,0.14210000038146972,0.12518224818936102
2014-03-07,1878.0400390625,0.14109999656677247,0.12570049973137853
2014-03-10,1877.1700439453125,0.14199999809265137,0.12627874566594632
2014-03-11,1867.6300048828125,0.14800000190734863,0.1255344019660978
2014-03-12,1868.199951171875,0.1447000026702881,0.12561721985367313
2014-03-13,1846.3399658203125,0.1621999931335449,0.12302264608008226
2014-03-14,1841.1300048828125,0.17819999694824218,0.12293491322259685
2014-03-17,1858.8299560546875,0.15640000343322755,0.12062089677327625
2014-03-18,1872.25,0.1452000045776367,0.11915360843114349
2014-03-19,1860.77001953125,0.15119999885559082,0.11763038559567483
2014-03-20,1872.010009765625,0.1452000045776367,0.11650787958977189
2014-03-21,1866.52001953125,0.15,0.11622934799831203
2014-03-24,1857.43994140625,0.1509000015258789,0.11844532056421833
2014-03-25,1865.6199951171875,0.1402000045776367,0.11886884337558831
2014-03-26,1852.56005859375,0.1493000030517578,0.11698771345627729
2014-03-27,1849.0400390625,0.14619999885559082,0.11681958451294908
2014-03-28,1857.6199951171875,0.14409999847412108,0.11921763747179771
2014-03-31,1872.3399658203125,0.13880000114440919,0.11724706536994357
2014-04-01,1885.52001953125,0.13100000381469729,0.11645988420196347
2014-04-02,1890.9000244140625,0.1309000015258789,0.11928521963300191
2014-04-03,1888.77001953125,0.1336999988555908,0.11984433631907486
2014-04-04,1865.0899658203125,0.13960000038146972,0.11438632599732504
2014-04-07,1845.0400390625,0.15569999694824221,0.11138514550958553
2014-04-08,1851.9599609375,0.14890000343322754,0.11317958516387845
2014-04-09,1872.1800537109375,0.1381999969482422,0.10912091589176581
2014-04-10,1833.0799560546875,0.15890000343322755,0.08858974049113601
2014-04-11,1815.68994140625,0.17030000686645508,0.08351156477022197
2014-04-14,1830.6099853515625,0.16110000610351563,0.08158501254297856
2014-04-15,1842.97998046875,0.15609999656677245,0.08089693617930974
2014-04-16,1862.31005859375,0.1418000030517578,0.07622511714101217
2014-04-17,1864.8499755859375,0.13359999656677246,0.07622678344032395
2014-04-21,1871.8900146484375,0.1325,0.07589234773189721
2014-04-22,1879.550048828125,0.13189999580383302,0.0753619688442639
2014-04-23,1875.3900146484375,0.13270000457763673,0.07651201399022732
2014-04-24,1878.6099853515625,0.1331999969482422,0.0771620669582802
2014-04-25,1863.4000244140625,0.140600004196167,0.07189672578631055
2014-04-28,1869.4300537109375,0.1397000026702881,0.07189066444878209
2014-04-29,1878.3299560546875,0.13710000038146972,0.0725678269149123
2014-04-30,1883.949951171875,0.1340999984741211,0.07615468435759049
2014-05-01,1883.6800537109375,0.1325,0.07639025846309339
2014-05-02,1881.1400146484375,0.1290999984741211,0.07608909214212847
2014-05-05,1884.6600341796875,0.13289999961853027,0.07612432294077093
2014-05-06,1867.719970703125,0.13800000190734862,0.07231247521083883
2014-05-07,1878.2099609375,0.13399999618530273,0.07128957290233388
2014-05-08,1875.6300048828125,0.1343000030517578,0.07080120056278043
2014-05-09,1878.47998046875,0.12920000076293944,0.0709620901609923
2014-05-12,1896.6500244140625,0.12229999542236328,0.07018445066474312
2014-05-13,1897.449951171875,0.12130000114440918,0.07109319156676286
2014-05-14,1888.530029296875,0.12170000076293944,0.06931012143431899
2014-05-15,1870.8499755859375,0.13170000076293945,0.06160774241318592
2014-05-16,1877.8599853515625,0.12439999580383301,0.0615007416020974
2014-05-19,1885.0799560546875,0.12420000076293944,0.06298346101012049
2014-05-20,1872.8299560546875,0.12960000038146974,0.05827666310208293
2014-05-21,1888.030029296875,0.11909999847412109,0.05626877108537037
2014-05-22,1892.489990234375,0.12029999732971192,0.05851463569404527
2014-05-23,1900.530029296875,0.11359999656677246,0.06288085784511163
2014-05-27,1911.9100341796875,0.11510000228881836,0.06209399390508133
2014-05-28,1909.780029296875,0.11680000305175779,0.06360890206751431
2014-05-29,1920.030029296875,0.1156999969482422,0.06225169800696406
2014-05-30,1923.5699462890625,0.11399999618530271,0.06327490936138666
2014-06-02,1924.969970703125,0.11579999923706057,0.0638113223314015
2014-06-03,1924.239990234375,0.11869999885559082,0.06443337460204661
2014-06-04,1927.8800048828125,0.12079999923706057,0.074374804200557
2014-06-05,1940.4599609375,0.11680000305175779,0.07767174292270865
2014-06-06,1949.43994140625,0.10729999542236328,0.07718860494783676
2014-06-09,1951.27001953125,0.11149999618530272,0.07832084428404783
2014-06-10,1950.7900390625,0.10989999771118164,0.07835932226019544
2014-06-11,1943.8900146484375,0.11600000381469729,0.07736590481725535
2014-06-12,1930.1099853515625,0.125600004196167,0.07563247813899958
2014-06-13,1936.1600341796875,0.1218000030517578,0.07532708420396725
2014-06-16,1937.780029296875,0.12649999618530272,0.07685490652513019
2014-06-17,1941.989990234375,0.120600004196167,0.07671123031189574
2014-06-18,1956.97998046875,0.10609999656677246,0.09446626650340934
2014-06-19,1959.47998046875,0.10619999885559082,0.09457020990567154
2014-06-20,1962.8699951171875,0.10850000381469728,0.09700797297111864
2014-06-23,1962.6099853515625,0.10979999542236328,0.10069136586509389
2014-06-24,1949.97998046875,0.12130000114440918,0.09922857072311149
2014-06-25,1959.530029296875,0.11590000152587891,0.09891366455851017
2014-06-26,1957.219970703125,0.11630000114440918,0.1051522883210156
2014-06-27,1960.9599609375,0.11260000228881836,0.10534503506831733
2014-06-30,1960.22998046875,0.1156999969482422,0.10540482859129813
2014-07-01,1973.3199462890625,0.11149999618530272,0.10542197087725617
2014-07-02,1974.6199951171875,0.1081999969482422,0.10629404239431826
2014-07-03,1985.43994140625,0.10319999694824221,0.10487351868468824
2014-07-07,1977.6500244140625,0.11329999923706056,0.10750625597388115
2014-07-08,1963.7099609375,0.11979999542236328,0.10638500130746101
2014-07-09,1972.8299560546875,0.11649999618530271,0.10580367089676194
2014-07-10,1964.6800537109375,0.1259000015258789,0.10525205880802235
2014-07-11,1967.5699462890625,0.12079999923706057,0.10544384660639336
2014-07-14,1977.0999755859375,0.11819999694824221,0.1054234705612895
2014-07-15,1973.280029296875,0.11960000038146973,0.10521646845887529
2014-07-16,1981.5699462890625,0.11,0.10461899308631
2014-07-17,1958.1199951171875,0.14539999961853028,0.09825045754230072
2014-07-18,1978.219970703125,0.120600004196167,0.09437475625834454
2014-07-21,1973.6300048828125,0.128100004196167,0.09406563590010542
2014-07-22,1983.530029296875,0.12239999771118164,0.09313787479298749
2014-07-23,1987.010009765625,0.11520000457763672,0.09317596530144312
2014-07-24,1987.97998046875,0.1184000015258789,0.09422827756715
2014-07-25,1978.3399658203125,0.12689999580383302,0.09351383981171386
2014-07-28,1978.9100341796875,0.125600004196167,0.09566344588950736
2014-07-29,1969.949951171875,0.13279999732971193,0.09510788700900834
2014-07-30,1970.0699462890625,0.13329999923706057,0.09510974744676078
2014-07-31,1930.6700439453125,0.16950000762939454,0.07508628750207341
2014-08-01,1925.1500244140625,0.17030000686645508,0.07439627615374848
2014-08-04,1938.989990234375,0.15119999885559082,0.07461168201144895
2014-08-05,1920.2099609375,0.16870000839233398,0.06729389559727644
2014-08-06,1920.239990234375,0.16370000839233398,0.06790854090230154
2014-08-07,1909.5699462890625,0.1665999984741211,0.0648027800164211
2014-08-08,1931.5899658203125,0.15770000457763672,0.06396033368961893
2014-08-11,1936.9200439453125,0.14229999542236327,0.06673541029094848
2014-08-12,1933.75,0.1413000011444092,0.06932165452377899
2014-08-13,1946.719970703125,0.12899999618530272,0.08372811071328512
2014-08-14,1955.1800537109375,0.12420000076293944,0.08632227415145752
2014-08-15,1955.06005859375,0.13149999618530273,0.08675526110237175
2014-08-18,1971.739990234375,0.1231999969482422,0.08369982373861548
2014-08-19,1981.5999755859375,0.12210000038146973,0.0907790515993164
2014-08-20,1986.510009765625,0.11779999732971191,0.09033289958683169
2014-08-21,1992.3699951171875,0.11760000228881835,0.09609201316341377
2014-08-22,1988.4000244140625,0.11470000267028808,0.09603872989408906
2014-08-25,1997.9200439453125,0.11699999809265137,0.10387226940320078
2014-08-26,2000.02001953125,0.11630000114440918,0.1166543363137031
2014-08-27,2000.1199951171875,0.11779999732971191,0.13068607329609447
2014-08-28,1996.739990234375,0.12050000190734864,0.13405309206813157
2014-08-29,2003.3699951171875,0.1209000015258789,0.14007091660507365
2014-09-02,2002.280029296875,0.1225,0.14042500571231692
2014-09-03,2000.719970703125,0.12359999656677247,0.14141922031647902
2014-09-04,1997.6500244140625,0.12640000343322755,0.14159085499446622
2014-09-05,2007.7099609375,0.1209000015258789,0.1468003181166019
2014-09-08,2001.5400390625,0.1265999984741211,0.1502770644686067
2014-09-09,1988.43994140625,0.135,0.1613380281717003
2014-09-10,1995.68994140625,0.12880000114440918,0.1618454301221305
2014-09-11,1997.449951171875,0.12800000190734864,0.16637046783022555
2014-09-12,1985.5400390625,0.133100004196167,0.16711264028550588
2014-09-15,1984.1300048828125,0.1411999988555908,0.16714310760197681
2014-09-16,1998.97998046875,0.12729999542236328,0.16941427555830033
2014-09-17,2001.5699462890625,0.12649999618530272,0.1693823639708574
2014-09-18,2011.3599853515625,0.12029999732971192,0.1697811910336125
2014-09-19,2010.4000244140625,0.12109999656677246,0.17326768858935976
2014-09-22,1994.2900390625,0.136899995803833,0.17153331566942223
2014-09-23,1982.77001953125,0.1493000030517578,0.17081915847604487
2014-09-24,1998.300048828125,0.13270000457763673,0.17014031970090207
2014-09-25,1965.989990234375,0.15640000343322755,0.16278620215475473
2014-09-26,1982.8499755859375,0.14850000381469727,0.16125190733565153
2014-09-29,1977.800048828125,0.15979999542236328,0.16106047720584632
2014-09-30,1972.2900390625,0.16309999465942382,0.16066339220874334
2014-10-01,1946.1600341796875,0.16709999084472657,0.15485191629053086
2014-10-02,1946.1700439453125,0.1615999984741211,0.15481416175435292
2014-10-03,1967.9000244140625,0.14550000190734863,0.15217309167308823
2014-10-06,1964.8199462890625,0.15460000038146973,0.15195602456585616
2014-10-07,1935.0999755859375,0.17200000762939452,0.1439762782245582
2014-10-08,1968.8900146484375,0.15109999656677245,0.13667645080207574
2014-10-09,1928.2099609375,0.18760000228881835,0.11937011517379569
2014-10-10,1906.1300048828125,0.21239999771118165,0.11245234459582411
2014-10-13,1874.739990234375,0.2463999938964844,0.09652127022018792
2014-10-14,1877.699951171875,0.22790000915527345,0.09726368724507312
2014-10-15,1862.489990234375,0.2527000045776367,0.09116149857281121
2014-10-16,1862.760009765625,0.2520000076293945,0.09236468319657941
2014-10-17,1886.760009765625,0.21989999771118163,0.0926875435276911
2014-10-20,1904.010009765625,0.18569999694824219,0.09140690640229049
2014-10-21,1941.280029296875,0.16079999923706054,0.07670269146661954
2014-10-22,1927.1099853515625,0.178700008392334,0.07197886901642363
2014-10-23,1950.8199462890625,0.16530000686645507,0.06570187557282928
2014-10-24,1964.5799560546875,0.16110000610351563,0.06929762301977624
2014-10-27,1961.6300048828125,0.16040000915527344,0.06890358807214585
2014-10-28,1985.050048828125,0.14390000343322754,0.08034236728967142
2014-10-29,1982.300048828125,0.15149999618530272,0.08084469915229925
2014-10-30,1994.6500244140625,0.1452000045776367,0.09338206147757681
2014-10-31,2018.050048828125,0.1402999973297119,0.08852108826251341
2014-11-03,2017.81005859375,0.14729999542236327,0.09153079441000823
2014-11-04,2012.0999755859375,0.14890000343322754,0.10946864059636259
2014-11-05,2023.5699462890625,0.14170000076293943,0.1284444956674447
2014-11-06,2031.2099609375,0.13670000076293942,0.12863364585288503
2014-11-07,2031.9200439453125,0.13119999885559083,0.1289546950177621
2014-11-10,2038.260009765625,0.12670000076293944,0.1287979013950759
2014-11-11,2039.6800537109375,0.12920000076293944,0.12882146689440963
2014-11-12,2038.25,0.13020000457763672,0.12897052654901336
2014-11-13,2039.3299560546875,0.13789999961853028,0.12896770830619717
2014-11-14,2039.8199462890625,0.133100004196167,0.1300273289820037
2014-11-17,2041.3199462890625,0.13989999771118164,0.13389055675925413
2014-11-18,2051.800048828125,0.13859999656677247,0.133110128242801
2014-11-19,2048.719970703125,0.13960000038146972,0.14353809309979043
2014-11-20,2052.75,0.13579999923706057,0.14540069560847035
2014-11-21,2063.5,0.12899999618530272,0.1488127974983247
2014-11-24,2069.409912109375,0.12619999885559083,0.15779800639649014
2014-11-25,2067.030029296875,0.1225,0.15961626965173215
2014-11-26,2072.830078125,0.12069999694824221,0.16087258016156045
2014-11-28,2067.56005859375,0.13329999923706057,0.16087617736835458
2014-12-01,2053.43994140625,0.14159999847412108,0.16056470352186855
2014-12-02,2066.550048828125,0.12850000381469728,0.16099687827591286
2014-12-03,2074.330078125,0.125,0.16588519837159468
2014-12-04,2071.919921875,0.12380000114440919,0.16603314973391045
2014-12-05,2075.3701171875,0.11890000343322754,0.16666306904181555
2014-12-08,2060.31005859375,0.14210000038146972,0.17157850662595597
2014-12-09,2059.820068359375,0.15350000381469728,0.17233210480380154
2014-12-10,2026.1400146484375,0.1853000068664551,0.16532262280228635
2014-12-11,2035.3299560546875,0.20079999923706054,0.16969512566058695
2014-12-12,2002.3299560546875,0.21079999923706055,0.1675742405335528
2014-12-15,1989.6300048828125,0.20420000076293945,0.16864111849263858
2014-12-16,1972.739990234375,0.23569999694824217,0.17125962984571877
2014-12-17,2012.8900146484375,0.19440000534057617,0.16515339289428657
2014-12-18,2061.22998046875,0.16809999465942382,0.1554467677672611
2014-12-19,2070.64990234375,0.16489999771118163,0.15519076454230554
2014-12-22,2078.5400390625,0.1525,0.1578299371134103
2014-12-23,2082.169921875,0.14800000190734863,0.15797089630539654
2014-12-24,2081.8798828125,0.14369999885559082,0.15835518114535813
2014-12-26,2088.77001953125,0.145,0.16130097344360658
2014-12-29,2090.570068359375,0.15060000419616698,0.16126476986298968
2014-12-30,2080.35009765625,0.15920000076293944,0.1631757381485069
2014-12-31,2058.89990234375,0.19200000762939454,0.16044824986352377
2015-01-02,2058.199951171875,0.17790000915527343,0.16044665881357276
2015-01-05,2020.5799560546875,0.19920000076293945,0.1499291916945504
2015-01-06,2002.6099853515625,0.211200008392334,0.14697646951031784
2015-01-07,2025.9000244140625,0.19309999465942382,0.14457550926095747
2015-01-08,2062.139892578125,0.17010000228881836,0.1360272608560352
2015-01-09,2044.81005859375,0.17549999237060546,0.13329077880037452
2015-01-12,2028.260009765625,0.19600000381469726,0.13052615302682366
2015-01-13,2023.030029296875,0.20559999465942383,0.13027394373693177
2015-01-14,2011.27001953125,0.21479999542236328,0.12914790796125153
2015-01-15,1992.6700439453125,0.2238999938964844,0.12561947191411774
2015-01-16,2019.4200439453125,0.20950000762939452,0.12227505088176904
2015-01-20,2022.550048828125,0.1988999938964844,0.12343309320953
2015-01-21,2032.1199951171875,0.18850000381469725,0.12298872129398965
2015-01-22,2063.14990234375,0.16399999618530273,0.12336614379497268
2015-01-23,2051.820068359375,0.1665999984741211,0.1226502351698489
2015-01-26,2057.090087890625,0.15520000457763672,0.1325485039628082
2015-01-27,2029.550048828125,0.17219999313354492,0.1265940218791777
2015-01-28,2002.1600341796875,0.20440000534057617,0.12452920743579143
2015-01-29,2021.25,0.18760000228881835,0.12353310966481641
2015-01-30,1994.989990234375,0.20969999313354493,0.12205968762815227
2015-02-02,2020.8499755859375,0.19430000305175782,0.11778938810479116
2015-02-03,2050.030029296875,0.17329999923706055,0.11571542740446591
2015-02-04,2041.510009765625,0.18329999923706056,0.11600195029063883
2015-02-05,2062.52001953125,0.16850000381469726,0.1151587505433113
2015-02-06,2055.469970703125,0.17290000915527343,0.11473509555493046
2015-02-09,2046.739990234375,0.18549999237060547,0.11559051439185274
2015-02-10,2068.590087890625,0.1722999954223633,0.1199251672880783
2015-02-11,2068.530029296875,0.16959999084472657,0.12010286568713993
2015-02-12,2088.47998046875,0.1534000015258789,0.11675819096053264
2015-02-13,2096.989990234375,0.146899995803833,0.12172623767712917
2015-02-17,2100.340087890625,0.15800000190734864,0.12414025525886532
2015-02-18,2099.679931640625,0.15449999809265136,0.12454012991576557
2015-02-19,2097.449951171875,0.15289999961853026,0.12511317886848838
2015-02-20,2110.300048828125,0.14300000190734863,0.12534022627489388
2015-02-23,2109.659912109375,0.145600004196167,0.12542347329538392
2015-02-24,2115.47998046875,0.136899995803833,0.1254063573817918
2015-02-25,2113.860107421875,0.13840000152587892,0.1262299444320975
2015-02-26,2110.739990234375,0.1390999984741211,0.12719212011637793
2015-02-27,2104.5,0.13340000152587891,0.1275939623472968
2015-03-02,2117.389892578125,0.13039999961853027,0.12632707650364366
2015-03-03,2107.780029296875,0.13859999656677247,0.1266415282098601
2015-03-04,2098.530029296875,0.14229999542236327,0.12598652805793922
2015-03-05,2101.0400390625,0.14039999961853028,0.13023554299866313
2015-03-06,2071.260009765625,0.15199999809265136,0.12607297390801855
2015-03-09,2079.429931640625,0.15060000419616698,0.12575434322030457
2015-03-10,2044.1600341796875,0.16690000534057617,0.11507625926942339
2015-03-11,2040.239990234375,0.16870000839233398,0.11479251839602041
2015-03-12,2065.949951171875,0.15420000076293944,0.10971050434145443
2015-03-13,2053.39990234375,0.16,0.10878639418022565
2015-03-16,2081.18994140625,0.15609999656677245,0.10228691142676703
2015-03-17,2074.280029296875,0.1565999984741211,0.10243234353805952
2015-03-18,2099.5,0.1397000026702881,0.10090219261511969
2015-03-19,2089.27001953125,0.1406999969482422,0.10482680274438483
2015-03-20,2108.10009765625,0.13020000457763672,0.10190766993633621
2015-03-23,2104.419921875,0.1340999984741211,0.10760461392703626
2015-03-24,2091.5,0.1361999988555908,0.10690488006166303
2015-03-25,2061.050048828125,0.154399995803833,0.0981966529303802
2015-03-26,2056.14990234375,0.15800000190734864,0.10467040217395655
2015-03-27,2061.02001953125,0.1506999969482422,0.10602682876916272
2015-03-30,2086.239990234375,0.14510000228881836,0.10075811025332522
2015-03-31,2067.889892578125,0.15289999961853026,0.09707355809653548
2015-04-01,2059.68994140625,0.15109999656677245,0.10048601276709725
2015-04-02,2066.9599609375,0.14670000076293943,0.10019671803727571
2015-04-06,2080.6201171875,0.14739999771118165,0.09896385046834506
2015-04-07,2076.330078125,0.1477999973297119,0.0986957252509493
2015-04-08,2081.89990234375,0.1397999954223633,0.09865838283674326
2015-04-09,2091.179931640625,0.1309000015258789,0.09814908877560856
2015-04-10,2102.06005859375,0.12579999923706056,0.09750643247122251
2015-04-13,2092.429931640625,0.139399995803833,0.10139379624766329
2015-04-14,2095.840087890625,0.13670000076293942,0.1045942342086251
2015-04-15,2106.6298828125,0.1284000015258789,0.10373768573228796
2015-04-16,2104.989990234375,0.12600000381469728,0.10544184875957148
2015-04-17,2081.179931640625,0.13890000343322753,0.09984553204658854
2015-04-20,2100.39990234375,0.13300000190734862,0.09643455195828364
2015-04-21,2097.2900390625,0.1325,0.09647079655473811
2015-04-22,2107.9599609375,0.12710000038146974,0.09870855174321763
2015-04-23,2112.929931640625,0.12479999542236328,0.09846981323112457
2015-04-24,2117.68994140625,0.12289999961853028,0.0997414437244379
2015-04-27,2108.919921875,0.13119999885559083,0.09920997867456458
2015-04-28,2114.760009765625,0.12409999847412109,0.1052142334347159
2015-04-29,2106.85009765625,0.13390000343322753,0.10478508486171047
2015-04-30,2085.510009765625,0.14550000190734863,0.10248286059323557
2015-05-01,2108.2900390625,0.12699999809265136,0.09813814394365783
2015-05-04,2114.489990234375,0.12850000381469728,0.09925611531825658
2015-05-05,2089.4599609375,0.143100004196167,0.09309808964084143
2015-05-06,2080.14990234375,0.15149999618530272,0.09609821193702353
2015-05-07,2088.0,0.15130000114440917,0.09714078586971453
2015-05-08,2116.10009765625,0.12859999656677246,0.09073655490389745
2015-05-11,2105.330078125,0.1385000038146973,0.08938828073521932
2015-05-12,2099.1201171875,0.13859999656677247,0.09167867992783706
2015-05-13,2098.47998046875,0.13760000228881836,0.09212019071513683
2015-05-14,2121.10009765625,0.12739999771118163,0.08639748968401487
2015-05-15,2122.72998046875,0.12380000114440919,0.10520168252817436
2015-05-18,2129.199951171875,0.12729999542236328,0.1050767066453467
2015-05-19,2127.830078125,0.12850000381469728,0.10758328069832301
2015-05-20,2125.85009765625,0.12880000114440918,0.10759179846043582
2015-05-21,2130.820068359375,0.12109999656677246,0.10753425674810586
2015-05-22,2126.06005859375,0.12130000114440918,0.10936953089582163
2015-05-26,2104.199951171875,0.140600004196167,0.11572554614026118
2015-05-27,2123.47998046875,0.13270000457763673,0.11220546258570961
2015-05-28,2120.7900390625,0.133100004196167,0.11874706481817499
2015-05-29,2107.389892578125,0.13840000152587892,0.12218239389996553
2015-06-01,2111.72998046875,0.1397000026702881,0.1227468279974119
2015-06-02,2109.60009765625,0.14239999771118164,0.1227306810648312
2015-06-03,2114.070068359375,0.1365999984741211,0.12478464631312969
2015-06-04,2095.840087890625,0.14710000038146973,0.12196371433374337
2015-06-05,2092.830078125,0.14210000038146972,0.12182893196680995
2015-06-08,2079.280029296875,0.15289999961853026,0.12087624579608457
2015-06-09,2080.14990234375,0.1447000026702881,0.12119353425701032
2015-06-10,2105.199951171875,0.13220000267028809,0.1174725214506362
2015-06-11,2108.860107421875,0.12850000381469728,0.12134285024634744
2015-06-12,2094.110107421875,0.1377999973297119,0.12081789453550461
2015-06-15,2084.429931640625,0.15390000343322754,0.1255744389919889
2015-06-16,2096.2900390625,0.14810000419616698,0.12627971755139725
2015-06-17,2100.43994140625,0.145,0.12616688158542108
2015-06-18,2121.239990234375,0.13189999580383302,0.12289825190091001
2015-06-19,2109.989990234375,0.13960000038146972,0.12220800677573988
2015-06-22,2122.85009765625,0.12739999771118163,0.12087406220499736
2015-06-23,2124.199951171875,0.12109999656677246,0.12128219642047776
2015-06-24,2108.580078125,0.13260000228881835,0.12148950480117446
2015-06-25,2102.31005859375,0.14010000228881836,0.12147157567545999
2015-06-26,2101.489990234375,0.1402000045776367,0.12728558892318742
2015-06-29,2057.639892578125,0.18850000381469725,0.11442166191714852
2015-06-30,2063.110107421875,0.18229999542236328,0.11423951774726991
2015-07-01,2077.419921875,0.1609000015258789,0.11261741397070593
2015-07-02,2076.780029296875,0.16790000915527345,0.11314671110018702
2015-07-06,2068.760009765625,0.17010000228881836,0.11333953668444358
2015-07-07,2081.340087890625,0.1609000015258789,0.11245423785662516
2015-07-08,2046.6800537109375,0.1965999984741211,0.1036089765214415
2015-07-09,2051.31005859375,0.19969999313354492,0.12124122113113946
2015-07-10,2076.6201171875,0.16829999923706054,0.14738820861232438
2015-07-13,2099.60009765625,0.1389999961853027,0.18003160561560283
2015-07-14,2108.949951171875,0.1336999988555908,0.1807582872094196
2015-07-15,2107.39990234375,0.1322999954223633,0.21844060196798237
2015-07-16,2124.2900390625,0.12109999656677246,0.22991812616860952
2015-07-17,2126.639892578125,0.11949999809265137,0.22986023709988174
2015-07-20,2128.280029296875,0.1225,0.23036118290888838
2015-07-21,2119.2099609375,0.12220000267028809,0.24374535349969806
2015-07-22,2114.14990234375,0.12119999885559082,0.2516093475989348
2015-07-23,2102.14990234375,0.12640000343322755,0.25168872858919733
2015-07-24,2079.64990234375,0.13739999771118164,0.253388919278039
2015-07-27,2067.639892578125,0.15600000381469728,0.2652923889063038
2015-07-28,2093.25,0.134399995803833,0.2642405032294275
2015-07-29,2108.570068359375,0.125,0.2636521953298878
2015-07-30,2108.6298828125,0.12130000114440918,0.2643470645269172
2015-07-31,2103.840087890625,0.12119999885559082,0.26439125271304914
2015-08-03,2098.0400390625,0.125600004196167,0.26804424186553816
2015-08-04,2093.320068359375,0.13,0.2698043267340041
2015-08-05,2099.840087890625,0.12510000228881835,0.2694448535391641
2015-08-06,2083.56005859375,0.13770000457763673,0.2722064544978889
2015-08-07,2077.570068359375,0.13390000343322753,0.27286675309712244
2015-08-10,2104.179931640625,0.12229999542236328,0.2709333386236423
2015-08-11,2084.070068359375,0.13710000038146972,0.2701347798710378
2015-08-12,2086.050048828125,0.13609999656677246,0.26995808748246886
2015-08-13,2083.389892578125,0.13489999771118164,0.2700015964389888
2015-08-14,2091.5400390625,0.12829999923706056,0.2776170117412826
2015-08-17,2102.43994140625,0.13020000457763672,0.27677112043725316
2015-08-18,2096.919921875,0.13789999961853028,0.28439059568191793
2015-08-19,2079.610107421875,0.1525,0.2842676675005657
2015-08-20,2035.72998046875,0.1913999938964844,0.2825756447148779
2015-08-21,1970.8900146484375,0.28030000686645506,0.2722103219666838
2015-08-24,1893.2099609375,0.407400016784668,0.24412769812883858
2015-08-25,1867.6099853515625,0.36020000457763673,0.24051643746825185
2015-08-26,1940.510009765625,0.3031999969482422,0.21600914741969388
2015-08-27,1987.6600341796875,0.2610000038146973,0.20493116995696492
2015-08-28,1988.8699951171875,0.26049999237060545,0.20494464114292332
2015-08-31,1972.1800537109375,0.2843000030517578,0.204399201895309
2015-09-01,1913.8499755859375,0.3139999961853027,0.18363856146279767
2015-09-02,1948.8599853515625,0.2609000015258789,0.18120107755988468
2015-09-03,1951.1300048828125,0.2561000061035156,0.18145280053206278
2015-09-04,1921.219970703125,0.27799999237060546,0.1743720470296972
2015-09-08,1969.4100341796875,0.24899999618530275,0.1604818380298884
2015-09-09,1942.0400390625,0.26229999542236326,0.15551500097166976
2015-09-10,1952.2900390625,0.243700008392334,0.1613015248040525
2015-09-11,1961.050048828125,0.23200000762939454,0.1633683326723678
2015-09-14,1953.030029296875,0.2425,0.16279508571337356
2015-09-15,1978.0899658203125,0.22540000915527345,0.15999846650980307
2015-09-16,1995.31005859375,0.21350000381469728,0.16146117214085096
2015-09-17,1990.199951171875,0.21139999389648442,0.16110876146339023
2015-09-18,1958.030029296875,0.22280000686645507,0.15326068544515795
2015-09-21,1966.969970703125,0.2013999938964844,0.15572919037568758
2015-09-22,1942.739990234375,0.22440000534057616,0.1494147193473939
2015-09-23,1938.760009765625,0.221299991607666,0.1498962959970858
2015-09-24,1932.239990234375,0.23469999313354492,0.14924842725435958
2015-09-25,1931.3399658203125,0.236200008392334,0.14922651746463877
2015-09-28,1881.77001953125,0.276299991607666,0.12800941374269498
2015-09-29,1884.0899658203125,0.26829999923706055,0.12797270146269146
2015-09-30,1920.030029296875,0.245,0.12042459852915385
2015-10-01,1923.8199462890625,0.22549999237060547,0.12977179281408976
2015-10-02,1951.3599853515625,0.20940000534057618,0.1300371452142474
2015-10-05,1987.050048828125,0.19540000915527345,0.12658263724931124
2015-10-06,1979.9200439453125,0.19399999618530273,0.12602480884807807
2015-10-07,1995.8299560546875,0.18399999618530274,0.1318254568623185
2015-10-08,2013.4300537109375,0.17420000076293946,0.13014428737249736
2015-10-09,2014.8900146484375,0.17079999923706055,0.1303719033990821
2015-10-12,2017.4599609375,0.16170000076293944,0.13056340552488832
2015-10-13,2003.68994140625,0.17670000076293946,0.12835803948663405
2015-10-14,1994.239990234375,0.1803000068664551,0.12713912798536928
2015-10-15,2023.8599853515625,0.16049999237060547,0.12083278013643534
2015-10-16,2033.1099853515625,0.15050000190734864,0.12147104609976948
2015-10-19,2033.6600341796875,0.14979999542236327,0.12476527675900705
2015-10-20,2030.77001953125,0.1575,0.12950041296821813
2015-10-21,2018.93994140625,0.16700000762939454,0.13561786953753854
2015-10-22,2052.510009765625,0.14449999809265138,0.1399236048079497
2015-10-23,2075.14990234375,0.14460000038146972,0.13807144389444867
2015-10-26,2071.179931640625,0.15289999961853026,0.13927164213536047
2015-10-27,2065.889892578125,0.15430000305175778,0.14087335667387088
2015-10-28,2090.35009765625,0.14329999923706058,0.13641879487867128
2015-10-29,2089.409912109375,0.14609999656677247,0.14710733622523942
2015-10-30,2079.360107421875,0.1506999969482422,0.1477018456648387
2015-11-02,2104.050048828125,0.1414999961853027,0.14681279871091768
2015-11-03,2109.7900390625,0.14539999961853028,0.1531420124782186
2015-11-04,2102.31005859375,0.15510000228881837,0.15868703170184478
2015-11-05,2099.929931640625,0.15050000190734864,0.16615166052352523
2015-11-06,2099.199951171875,0.14329999923706058,0.16829649270700547
2015-11-09,2078.580078125,0.16520000457763673,0.16868657081905195
2015-11-10,2081.719970703125,0.15289999961853026,0.17275900585171483
2015-11-11,2075.0,0.16059999465942382,0.1725811591952768
2015-11-12,2045.969970703125,0.183700008392334,0.1676493775042925
2015-11-13,2023.0400390625,0.20079999923706054,0.16664583856997936
2015-11-16,2053.18994140625,0.1815999984741211,0.1628767458481683
2015-11-17,2050.43994140625,0.1884000015258789,0.16521032013506973
2015-11-18,2083.580078125,0.16850000381469726,0.16365493639547554
2015-11-19,2081.239990234375,0.16989999771118164,0.1639118868051918
2015-11-20,2089.169921875,0.15470000267028808,0.16691906725731642
2015-11-23,2086.590087890625,0.15619999885559083,0.17904998111613915
2015-11-24,2089.139892578125,0.1593000030517578,0.18037494647264898
2015-11-25,2088.8701171875,0.151899995803833,0.18052270983709326
2015-11-27,2090.110107421875,0.15119999885559082,0.18286078165515782
2015-11-30,2080.409912109375,0.161299991607666,0.19437667991564464
2015-12-01,2102.6298828125,0.14670000076293943,0.1987541582476834
2015-12-02,2079.510009765625,0.1590999984741211,0.20491238356904332
2015-12-03,2049.6201171875,0.1811000061035156,0.2024360205553267
2015-12-04,2091.68994140625,0.14810000419616698,0.19158573036389848
2015-12-07,2077.070068359375,0.1584000015258789,0.19313163616273407
2015-12-08,2063.590087890625,0.17600000381469727,0.20458919806907974
2015-12-09,2047.6199951171875,0.19610000610351558,0.20762188523018768
2015-12-10,2052.22998046875,0.1934000015258789,0.21291092118782698
2015-12-11,2012.3699951171875,0.24389999389648442,0.2082821107043901
2015-12-14,2021.93994140625,0.2272999954223633,0.20851722383571364
2015-12-15,2043.4100341796875,0.20950000762939452,0.2195024268208097
2015-12-16,2073.070068359375,0.17860000610351562,0.21416991007516167
2015-12-17,2041.8900146484375,0.18940000534057616,0.21641255121160038
2015-12-18,2005.550048828125,0.20700000762939452,0.2122054228049721
2015-12-21,2021.1500244140625,0.18700000762939453,0.21058787566373408
2015-12-22,2038.969970703125,0.16600000381469726,0.21361154174927677
2015-12-23,2064.2900390625,0.15569999694824221,0.21122723483735958
2015-12-24,2060.989990234375,0.15739999771118163,0.21132132833266076
2015-12-28,2056.5,0.1690999984741211,0.2115130831671358
2015-12-29,2078.360107421875,0.16079999923706054,0.20868959803552017
2015-12-30,2063.360107421875,0.17290000915527343,0.21932769899017582
2015-12-31,2043.93994140625,0.18209999084472656,0.22578937791988166
2016-01-04,2012.6600341796875,0.20700000762939452,0.2287584020353255
2016-01-05,2016.7099609375,0.1934000015258789,0.22869969089502148
2016-01-06,1990.260009765625,0.2059000015258789,0.22610268434238623
2016-01-07,1943.0899658203125,0.24989999771118165,0.21979729174253892
2016-01-08,1922.030029296875,0.27010000228881836,0.220554171900396
2016-01-11,1923.6700439453125,0.24299999237060546,0.22091959013233115
2016-01-12,1938.6800537109375,0.2246999931335449,0.22220930456095186
2016-01-13,1890.280029296875,0.2521999931335449,0.20881447831644032
2016-01-14,1921.8399658203125,0.23950000762939452,0.20506804031746673
2016-01-15,1880.3299560546875,0.2702000045776367,0.20495158017478013
2016-01-19,1881.3299560546875,0.26049999237060545,0.2050353070064508
2016-01-20,1859.3299560546875,0.2759000015258789,0.20098567381102633
2016-01-21,1868.989990234375,0.2669000053405762,0.20082684018689095
2016-01-22,1906.9000244140625,0.2234000015258789,0.19359972569524256
2016-01-25,1877.0799560546875,0.24149999618530274,0.19052901744645415
2016-01-26,1903.6300048828125,0.225,0.18724543365881874
2016-01-27,1882.949951171875,0.23110000610351558,0.1835929014781985
2016-01-28,1893.3599853515625,0.22420000076293944,0.18805296969482801
2016-01-29,1940.239990234375,0.20200000762939452,0.17597899233688682
2016-02-01,1939.3800048828125,0.1997999954223633,0.17614803209054092
2016-02-02,1903.030029296875,0.21979999542236328,0.16572479386938435
2016-02-03,1912.530029296875,0.21649999618530275,0.16602897094785407
2016-02-04,1915.449951171875,0.2184000015258789,0.1661419859592885
2016-02-05,1880.050048828125,0.233799991607666,0.1539676234888326
2016-02-08,1853.43994140625,0.26,0.14566532342532523
2016-02-09,1852.2099609375,0.26540000915527345,0.14797520499869457
2016-02-10,1851.8599853515625,0.26290000915527345,0.14801347726757394
2016-02-11,1829.0799560546875,0.2813999938964844,0.14078882538327925
2016-02-12,1864.780029296875,0.2539999961853027,0.1336795388227619
2016-02-16,1895.5799560546875,0.2411000061035156,0.12781850872737982
2016-02-17,1926.8199462890625,0.22309999465942382,0.12190367389046186
2016-02-18,1917.8299560546875,0.2163999938964844,0.1206522389138272
2016-02-19,1917.780029296875,0.20530000686645508,0.12160269475518232
2016-02-22,1945.5,0.193799991607666,0.12159795551613048
2016-02-23,1921.27001953125,0.20979999542236327,0.11641455647064823
2016-02-24,1929.800048828125,0.20719999313354492,0.12353490705795146
2016-02-25,1951.699951171875,0.1911000061035156,0.12032800216552617
2016-02-26,1948.050048828125,0.19809999465942382,0.12057275935211792
2016-02-29,1932.22998046875,0.20549999237060546,0.1191100457356321
2016-03-01,1978.3499755859375,0.17700000762939452,0.10332881604722698
2016-03-02,1986.449951171875,0.17090000152587892,0.10316884985517191
2016-03-03,1993.4000244140625,0.16700000762939454,0.10326305906897956
2016-03-04,1999.989990234375,0.16860000610351564,0.10418736619574417
2016-03-07,2001.760009765625,0.17350000381469727,0.10426222895692136
2016-03-08,1979.260009765625,0.18670000076293947,0.09687949843786461
2016-03-09,1989.260009765625,0.1834000015258789,0.0986329931571882
2016-03-10,1989.5699462890625,0.18049999237060546,0.09864788977881782
2016-03-11,2022.18994140625,0.165,0.08883011957131233
2016-03-14,2019.6400146484375,0.16920000076293945,0.08858099838425176
2016-03-15,2015.9300537109375,0.16840000152587892,0.08812766370221507
2016-03-16,2027.219970703125,0.14989999771118165,0.09225292903350743
2016-03-17,2040.5899658203125,0.144399995803833,0.09208440368695471
2016-03-18,2049.580078125,0.1402000045776367,0.09386491154139145
2016-03-21,2051.60009765625,0.13789999961853028,0.0975781691579744
2016-03-22,2049.800048828125,0.14170000076293943,0.09915781573503825
2016-03-23,2036.7099609375,0.149399995803833,0.09727691524582367
2016-03-24,2035.93994140625,0.14739999771118165,0.09762792177782761
2016-03-28,2037.050048828125,0.15239999771118165,0.09763348579770251
2016-03-29,2055.010009765625,0.1381999969482422,0.10086722918702233
2016-03-30,2063.949951171875,0.135600004196167,0.1042636182550343
2016-03-31,2059.739990234375,0.13949999809265137,0.10408477322581088
2016-04-01,2072.780029296875,0.13100000381469729,0.10522379550692491
2016-04-04,2066.1298828125,0.1411999988555908,0.10888041138721079
2016-04-05,2045.1700439453125,0.15420000076293944,0.10829695618832537
2016-04-06,2066.659912109375,0.1409000015258789,0.10370466075852162
2016-04-07,2041.9100341796875,0.1615999984741211,0.0981716951688864
2016-04-08,2047.5999755859375,0.15359999656677245,0.09940865775874137
2016-04-11,2041.989990234375,0.16260000228881835,0.09926502801313089
2016-04-12,2061.719970703125,0.14850000381469727,0.10316612782293608
2016-04-13,2082.419921875,0.13840000152587892,0.1010214545071332
2016-04-14,2082.780029296875,0.1372000026702881,0.10102614092723854
2016-04-15,2080.72998046875,0.1361999988555908,0.10167667403831845
2016-04-18,2094.340087890625,0.1335000038146973,0.09999699999485884
2016-04-19,2100.800048828125,0.13239999771118163,0.09964170909331613
2016-04-20,2102.39990234375,0.13279999732971193,0.09996088622541115
2016-04-21,2091.47998046875,0.13949999809265137,0.099131693434355
2016-04-22,2091.580078125,0.13220000267028809,0.10008723239395842
2016-04-25,2087.7900390625,0.14079999923706057,0.09992625290189097
2016-04-26,2091.699951171875,0.13960000038146972,0.10019722921029729
2016-04-27,2095.14990234375,0.13770000457763673,0.10031794629215261
2016-04-28,2075.81005859375,0.15220000267028808,0.10027143532646088
2016-04-29,2065.300048828125,0.15699999809265136,0.10208805113847697
2016-05-02,2081.429931640625,0.1468000030517578,0.09967192058130676
2016-05-03,2063.3701171875,0.15600000381469728,0.09644738745608188
2016-05-04,2051.1201171875,0.16049999237060547,0.09504962392415774
2016-05-05,2050.6298828125,0.1590999984741211,0.09563798239970005
2016-05-06,2057.139892578125,0.1472000026702881,0.09661061268138225
2016-05-09,2058.68994140625,0.1456999969482422,0.0968350636817881
2016-05-10,2084.389892578125,0.13630000114440918,0.09013696896232881
2016-05-11,2064.4599609375,0.146899995803833,0.09325039280646412
2016-05-12,2064.110107421875,0.14409999847412108,0.14294360589503613
2016-05-13,2046.6099853515625,0.15039999961853026,0.15033280020258138
2016-05-16,2066.659912109375,0.1468000030517578,0.15670326043568783
2016-05-17,2047.2099609375,0.15569999694824221,0.16212352155370205
2016-05-18,2047.6300048828125,0.15949999809265136,0.16650009406345337
2016-05-19,2040.0400390625,0.16329999923706054,0.1659670584135283
2016-05-20,2052.320068359375,0.15199999809265136,0.1667957515828372
2016-05-23,2048.0400390625,0.15819999694824222,0.16715071518750466
2016-05-24,2076.06005859375,0.14420000076293943,0.16275641323036744
2016-05-25,2090.5400390625,0.1389999961853027,0.16730858096455153
2016-05-26,2090.10009765625,0.1343000030517578,0.16748005834101212
2016-05-27,2099.06005859375,0.13119999885559083,0.16815906171436837
2016-05-31,2096.949951171875,0.141899995803833,0.1680831958273192
2016-06-01,2099.330078125,0.14199999809265137,0.16856091870155912
2016-06-02,2105.260009765625,0.13630000114440918,0.16856078820701317
2016-06-03,2099.1298828125,0.1347000026702881,0.168222195886449
2016-06-06,2109.409912109375,0.13649999618530273,0.16797026760472383
2016-06-07,2112.1298828125,0.14050000190734863,0.16825868216859216
2016-06-08,2119.1201171875,0.14079999923706057,0.16861208926509932
2016-06-09,2115.47998046875,0.14640000343322754,0.16880280617196441
2016-06-10,2096.070068359375,0.17030000686645508,0.16650603679603038
2016-06-13,2079.06005859375,0.20969999313354493,0.16419734353470739
2016-06-14,2075.320068359375,0.205,0.16410426720995777
2016-06-15,2071.5,0.2013999938964844,0.16380998402906077
2016-06-16,2077.989990234375,0.19370000839233398,0.16374205355201063
2016-06-17,2071.219970703125,0.1940999984741211,0.16333974913957017
2016-06-20,2083.25,0.183700008392334,0.16441017049916523
2016-06-21,2088.89990234375,0.18479999542236328,0.1644491091531165
2016-06-22,2085.449951171875,0.21170000076293946,0.16425920496927382
2016-06-23,2113.320068359375,0.1725,0.16180879981407256
2016-06-24,2037.4100341796875,0.25760000228881835,0.11629001560235093
2016-06-27,2000.5400390625,0.23850000381469727,0.09894693545364895
2016-06-28,2036.0899658203125,0.1875,0.08985156374666746
2016-06-29,2070.77001953125,0.16639999389648438,0.07881835782227141
2016-06-30,2098.860107421875,0.15630000114440917,0.07090964396236864
2016-07-01,2102.949951171875,0.1477000045776367,0.07101563527317695
2016-07-05,2088.550048828125,0.15579999923706056,0.06973032833089941
2016-07-06,2099.72998046875,0.14960000038146973,0.0687453847710468
2016-07-07,2097.89990234375,0.14760000228881837,0.06848379689940955
2016-07-08,2129.89990234375,0.13199999809265137,0.0551061139071527
2016-07-11,2137.159912109375,0.13539999961853028,0.05469702251848885
2016-07-12,2152.139892578125,0.13550000190734862,0.05152599603199383
2016-07-13,2152.429931640625,0.13039999961853027,0.054187233480328015
2016-07-14,2163.75,0.12819999694824222,0.05235885550541026
2016-07-15,2161.739990234375,0.12670000076293944,0.05250744844235431
2016-07-18,2166.889892578125,0.12439999580383301,0.054187102588024935
2016-07-19,2163.780029296875,0.11970000267028809,0.054344636172217034
2016-07-20,2173.02001953125,0.11770000457763671,0.0534212083879446
2016-07-21,2165.169921875,0.12739999771118163,0.0523287108912869
2016-07-22,2175.030029296875,0.12020000457763672,0.052078001553560765
2016-07-25,2168.47998046875,0.12869999885559083,0.05188257980857448
2016-07-26,2169.179931640625,0.13050000190734865,0.05189668662867081
2016-07-27,2166.580078125,0.12829999923706056,0.05223157094500611
2016-07-28,2170.06005859375,0.12720000267028808,0.08923850216722531
2016-07-29,2173.60009765625,0.11869999885559082,0.09941877533832232
2016-08-01,2170.840087890625,0.12439999580383301,0.10817908098118056
2016-08-02,2157.030029296875,0.1336999988555908,0.10682002666837527
2016-08-03,2163.7900390625,0.12859999656677246,0.11067654090067328
2016-08-04,2164.25,0.12420000076293944,0.11113360102889686
2016-08-05,2182.8701171875,0.11390000343322754,0.10785924362499738
2016-08-08,2180.889892578125,0.115,0.10789331345693426
2016-08-09,2181.739990234375,0.1165999984741211,0.11290635193189918
2016-08-10,2175.489990234375,0.12050000190734864,0.11428986936554783
2016-08-11,2185.7900390625,0.11680000305175779,0.11458120763045691
2016-08-12,2184.050048828125,0.11550000190734863,0.11708119166499303
2016-08-15,2190.14990234375,0.118100004196167,0.11845690644367587
2016-08-16,2178.14990234375,0.12640000343322755,0.11859733968215155
2016-08-17,2182.219970703125,0.12189999580383301,0.12140983956629357
2016-08-18,2187.02001953125,0.11430000305175779,0.12362805324944386
2016-08-19,2183.8701171875,0.11340000152587891,0.12388894019565176
2016-08-22,2182.639892578125,0.12270000457763672,0.1246110984409803
2016-08-23,2186.89990234375,0.12380000114440919,0.125192406512003
2016-08-24,2175.43994140625,0.13449999809265137,0.1243675373570217
2016-08-25,2172.469970703125,0.13630000114440918,0.12463904405505996
2016-08-26,2169.0400390625,0.13649999618530273,0.12536597405144523
2016-08-29,2180.3798828125,0.12939999580383302,0.129332086945038
2016-08-30,2176.1201171875,0.13119999885559083,0.12937741614269913
2016-08-31,2170.949951171875,0.13420000076293945,0.12948254150415608
2016-09-01,2170.860107421875,0.1347999954223633,0.12949348109984865
2016-09-02,2179.97998046875,0.11979999542236328,0.1288694892736474
2016-09-06,2186.47998046875,0.12020000457763672,0.13000272378707653
2016-09-07,2186.159912109375,0.11939999580383301,0.13026869116807355
2016-09-08,2181.300048828125,0.12510000228881835,0.13020239244131152
2016-09-09,2127.81005859375,0.175,0.10809238396439524
2016-09-12,2159.0400390625,0.1515999984741211,0.10020941259254204
2016-09-13,2127.02001953125,0.17850000381469727,0.09063592628765074
2016-09-14,2125.77001953125,0.18139999389648442,0.0907904377912874
2016-09-15,2147.260009765625,0.16299999237060547,0.08625881602658826
2016-09-16,2139.159912109375,0.15369999885559082,0.08604134326291756
2016-09-19,2139.1201171875,0.15529999732971192,0.08603997619495213
2016-09-20,2139.760009765625,0.15920000076293944,0.08812155548523197
2016-09-21,2163.1201171875,0.13300000190734862,0.08302191202309273
2016-09-22,2177.179931640625,0.12020000457763672,0.0804411535200858
2016-09-23,2164.68994140625,0.12289999961853028,0.07937708462559132
2016-09-26,2146.10009765625,0.145,0.10121618083103581
2016-09-27,2159.929931640625,0.13100000381469729,0.09998395962828519
2016-09-28,2171.3701171875,0.12390000343322755,0.10407105886957181
2016-09-29,2151.1298828125,0.1402000045776367,0.10044454042265691
2016-09-30,2168.27001953125,0.13289999961853027,0.09784931527507665
2016-10-03,2161.199951171875,0.1356999969482422,0.09737687611947012
2016-10-04,2150.489990234375,0.13630000114440918,0.09846729609564167
2016-10-05,2159.72998046875,0.12989999771118163,0.09795324797546077
2016-10-06,2160.77001953125,0.1284000015258789,0.09878086923400034
2016-10-07,2153.739990234375,0.1347999954223633,0.09853262710034688
2016-10-10,2163.659912109375,0.13380000114440918,0.09990833342633658
2016-10-11,2136.72998046875,0.15359999656677245,0.09198947461123834
2016-10-12,2139.179931640625,0.1590999984741211,0.09199058502147033
2016-10-13,2132.550048828125,0.16690000534057617,0.09151155450368843
2016-10-14,2132.97998046875,0.16120000839233398,0.09340438165061563
2016-10-17,2126.5,0.16209999084472657,0.09259281653205513
2016-10-18,2139.60009765625,0.15279999732971192,0.0920248530804856
2016-10-19,2144.2900390625,0.14409999847412108,0.09282001613598088
2016-10-20,2141.340087890625,0.1375,0.09261406768439044
2016-10-21,2141.159912109375,0.13340000152587891,0.0937034650501168
2016-10-24,2151.330078125,0.13020000457763672,0.09331694475332822
2016-10-25,2143.159912109375,0.13460000038146971,0.09855335064712009
2016-10-26,2139.429931640625,0.14239999771118164,0.09808791947087533
2016-10-27,2133.0400390625,0.15359999656677245,0.09784551106846515
2016-10-28,2126.409912109375,0.16190000534057616,0.09712743214737862
2016-10-31,2126.14990234375,0.17059999465942383,0.09777955280322859
2016-11-01,2111.719970703125,0.18559999465942384,0.09892408992179341
2016-11-02,2097.93994140625,0.1931999969482422,0.09550298387514168
2016-11-03,2088.659912109375,0.22079999923706053,0.09411519941997439
2016-11-04,2085.179931640625,0.22510000228881835,0.09326852516567788
2016-11-07,2131.52001953125,0.18709999084472656,0.07338618305158337
2016-11-08,2139.56005859375,0.18739999771118165,0.07437706115388248
2016-11-09,2163.260009765625,0.1438000011444092,0.06989498190307389
2016-11-10,2167.47998046875,0.14739999771118165,0.06988291294289808
2016-11-11,2164.449951171875,0.14170000076293943,0.06938876782564468
2016-11-14,2164.199951171875,0.14479999542236327,0.07505119697619379
2016-11-15,2180.389892578125,0.1336999988555908,0.07285383473583885
2016-11-16,2176.93994140625,0.1372000026702881,0.07433769627567077
2016-11-17,2187.1201171875,0.1335000038146973,0.07675872035220552
2016-11-18,2181.89990234375,0.12850000381469728,0.07718153130425173
2016-11-21,2198.179931640625,0.12420000076293944,0.0751809784731868
2016-11-22,2202.93994140625,0.12409999847412109,0.07545424900981793
2016-11-23,2204.719970703125,0.1243000030517578,0.07665195159048178
2016-11-25,2213.35009765625,0.1234000015258789,0.07618015239043471
2016-11-28,2201.719970703125,0.13149999618530273,0.07413771806590323
2016-11-29,2204.659912109375,0.12899999618530272,0.07472480246184861
2016-11-30,2198.81005859375,0.13329999923706057,0.07395623749783496
2016-12-01,2191.080078125,0.1406999969482422,0.0736723421305837
2016-12-02,2191.949951171875,0.1411999988555908,0.07365757415056116
2016-12-05,2204.7099609375,0.12140000343322754,0.07359388623448113
2016-12-06,2212.22998046875,0.11789999961853027,0.07358073026011622
2016-12-07,2241.35009765625,0.12220000267028809,0.06449687878759773
2016-12-08,2246.18994140625,0.12640000343322755,0.06677557339140516
2016-12-09,2259.530029296875,0.1175,0.06848636225100621
2016-12-12,2256.9599609375,0.12640000343322755,0.06840913097139531
2016-12-13,2271.719970703125,0.12720000267028808,0.06615097309306266
2016-12-14,2253.280029296875,0.13189999580383302,0.0640372133038779
2016-12-15,2262.030029296875,0.12789999961853027,0.06327860814472953
2016-12-16,2258.070068359375,0.12199999809265137,0.06299404366736318
2016-12-19,2262.530029296875,0.11710000038146973,0.06280419424723731
2016-12-20,2270.760009765625,0.11449999809265136,0.06530301920913363
2016-12-21,2265.179931640625,0.11270000457763672,0.06518048733705585
2016-12-22,2260.9599609375,0.11430000305175779,0.06482979955781884
2016-12-23,2263.7900390625,0.114399995803833,0.0647915724750695
2016-12-27,2268.8798828125,0.11989999771118164,0.06640110545588199
2016-12-28,2249.919921875,0.12949999809265136,0.061220534888061166
2016-12-29,2249.260009765625,0.1336999988555908,0.06231731177160902
2016-12-30,2238.830078125,0.14039999961853028,0.0603337148364637
2017-01-03,2257.830078125,0.12850000381469728,0.057605358758965435
2017-01-04,2270.75,0.11850000381469729,0.05639618361323337
2017-01-05,2269.0,0.11670000076293943,0.056134637320682544
2017-01-06,2276.97998046875,0.1131999969482422,0.057499517573578476
2017-01-09,2268.89990234375,0.11560000419616699,0.05612709148836336
2017-01-10,2268.89990234375,0.11489999771118165,0.0560524880700396
2017-01-11,2275.320068359375,0.11260000228881836,0.055883726406454656
2017-01-12,2270.43994140625,0.11539999961853027,0.054921247523234185
2017-01-13,2274.639892578125,0.11229999542236328,0.05611382006797717
2017-01-17,2267.889892578125,0.11869999885559082,0.06501841418655836
2017-01-18,2271.889892578125,0.12479999542236328,0.06875146364188987
2017-01-19,2263.68994140625,0.12779999732971192,0.06706394052640323
2017-01-20,2271.31005859375,0.11539999961853027,0.06839704479833897
2017-01-23,2265.199951171875,0.11770000457763671,0.06851907894416882
2017-01-24,2280.070068359375,0.1106999969482422,0.06762816403523668
2017-01-25,2298.3701171875,0.108100004196167,0.06448010556276623
2017-01-26,2296.679931640625,0.10630000114440918,0.06461277613938939
2017-01-27,2294.68994140625,0.10579999923706057,0.06438765919359848
2017-01-30,2280.89990234375,0.11880000114440918,0.06225671797399474
2017-01-31,2278.8701171875,0.11989999771118164,0.0652234933454247
2017-02-01,2279.550048828125,0.118100004196167,0.0657739089153347
2017-02-02,2280.85009765625,0.1193000030517578,0.0662201943400667
2017-02-03,2297.419921875,0.10970000267028808,0.06453131354934499
2017-02-06,2292.56005859375,0.11369999885559082,0.07512936171037456
2017-02-07,2293.080078125,0.11289999961853027,0.07518503039856142
2017-02-08,2294.669921875,0.11449999809265136,0.07537735329532079
2017-02-09,2307.8701171875,0.10880000114440919,0.07398483806318691
2017-02-10,2316.10009765625,0.10850000381469728,0.07353776561762947
2017-02-13,2328.25,0.1106999969482422,0.07489844373090643
2017-02-14,2337.580078125,0.10739999771118164,0.07416467849875728
2017-02-15,2349.25,0.11970000267028809,0.07328182741656483
2017-02-16,2347.219970703125,0.11760000228881835,0.07357917390133024
2017-02-17,2351.159912109375,0.11489999771118165,0.07363688334010846
2017-02-21,2365.3798828125,0.1156999969482422,0.07149005823340214
2017-02-22,2362.820068359375,0.11739999771118165,0.07196054818827645
2017-02-23,2363.81005859375,0.11710000038146973,0.07219476689484665
2017-02-24,2367.340087890625,0.11470000267028808,0.07206613334572338
2017-02-27,2369.75,0.1209000015258789,0.07202535306459683
2017-02-28,2363.639892578125,0.12920000076293944,0.07176895476499039
2017-03-01,2395.9599609375,0.12539999961853027,0.05951560353300934
2017-03-02,2381.919921875,0.118100004196167,0.06029946867496727
2017-03-03,2383.1201171875,0.10960000038146972,0.06602493792028281
2017-03-06,2375.31005859375,0.11239999771118164,0.06589545566910081
2017-03-07,2368.389892578125,0.11449999809265136,0.0655989733301983
2017-03-08,2362.97998046875,0.11859999656677246,0.06924924568126722
2017-03-09,2364.8701171875,0.12300000190734864,0.06970790756928054
2017-03-10,2372.60009765625,0.1165999984741211,0.07609414038758497
2017-03-13,2373.469970703125,0.11350000381469728,0.07808947264095566
2017-03-14,2365.449951171875,0.12300000190734864,0.077377972724822
2017-03-15,2385.260009765625,0.11630000114440918,0.07355139050983718
2017-03-16,2381.3798828125,0.11210000038146972,0.07361291979655009
2017-03-17,2378.25,0.11279999732971191,0.07365518845381094
2017-03-20,2373.469970703125,0.11340000152587891,0.07342599099174878
2017-03-21,2344.02001953125,0.12470000267028808,0.06297716346559595
2017-03-22,2348.449951171875,0.128100004196167,0.0628625524434377
2017-03-23,2345.9599609375,0.13119999885559083,0.06346106464747482
2017-03-24,2343.97998046875,0.12960000038146974,0.0633199488941608
2017-03-27,2341.590087890625,0.125,0.06332134991813027
2017-03-28,2358.570068359375,0.11529999732971191,0.06032204397118742
2017-03-29,2361.1298828125,0.11420000076293943,0.06081689273664084
2017-03-30,2368.06005859375,0.11539999961853027,0.06060720848680511
2017-03-31,2362.719970703125,0.12369999885559083,0.061424106088967374
2017-04-03,2358.840087890625,0.12380000114440919,0.061188881825369267
2017-04-04,2360.159912109375,0.11789999961853027,0.08218823050154332
2017-04-05,2352.949951171875,0.12890000343322755,0.0823606037090788
2017-04-06,2357.489990234375,0.12390000343322755,0.08440649094411887
2017-04-07,2355.5400390625,0.12869999885559083,0.08545731867042577
2017-04-10,2357.159912109375,0.14050000190734863,0.0855393417431418
2017-04-11,2353.780029296875,0.1506999969482422,0.0854922442391915
2017-04-12,2344.929931640625,0.15770000457763672,0.08506344660980697
2017-04-13,2328.949951171875,0.15960000038146974,0.08181355314342871
2017-04-17,2349.010009765625,0.14659999847412108,0.07903616293033527
2017-04-18,2342.18994140625,0.14420000076293943,0.07832815852492314
2017-04-19,2338.169921875,0.1493000030517578,0.08013778507545394
2017-04-20,2355.840087890625,0.1414999961853027,0.07829277876570061
2017-04-21,2348.68994140625,0.1463000011444092,0.07761943344572525
2017-04-24,2374.14990234375,0.1084000015258789,0.07290942097809361
2017-04-25,2388.610107421875,0.10760000228881836,0.07120958488436846
2017-04-26,2387.449951171875,0.10850000381469728,0.07114177930625351
2017-04-27,2388.77001953125,0.10359999656677246,0.07126947237183912
2017-04-28,2384.199951171875,0.1081999969482422,0.07103435297012214
2017-05-01,2388.330078125,0.10109999656677246,0.07185791494425572
2017-05-02,2391.169921875,0.1059000015258789,0.07201251480776959
2017-05-03,2388.1298828125,0.1068000030517578,0.07229128153940752
2017-05-04,2389.52001953125,0.10460000038146973,0.07229756925706629
2017-05-05,2399.2900390625,0.10569999694824221,0.075054363189813
2017-05-08,2399.3798828125,0.09770000457763672,0.07810009063626376
2017-05-09,2396.919921875,0.09960000038146972,0.0780344808613289
2017-05-10,2399.6298828125,0.10210000038146973,0.07806454714974677
2017-05-11,2394.43994140625,0.10600000381469728,0.07771310465337355
2017-05-12,2390.89990234375,0.10399999618530271,0.07746844014285435
2017-05-15,2402.320068359375,0.10420000076293943,0.0804717761156165
2017-05-16,2400.669921875,0.10649999618530272,0.08411423791878664
2017-05-17,2357.030029296875,0.1559000015258789,0.06840048524223918
2017-05-18,2365.719970703125,0.14659999847412108,0.06791655336937404
2017-05-19,2381.72998046875,0.12039999961853028,0.06572574623654351
2017-05-22,2394.02001953125,0.1093000030517578,0.06439042778785131
2017-05-23,2398.419921875,0.10720000267028809,0.07038563109118122
2017-05-24,2404.389892578125,0.10020000457763673,0.07238372041049233
2017-05-25,2415.070068359375,0.09989999771118165,0.07134494958878136
2017-05-26,2415.820068359375,0.09810000419616699,0.07139662994248619
2017-05-30,2412.909912109375,0.10380000114440918,0.07419369881687275
2017-05-31,2411.800048828125,0.10409999847412109,0.07426224125404647
2017-06-01,2430.06005859375,0.09890000343322754,0.07233097567243862
2017-06-02,2439.070068359375,0.0975,0.07165667274866641
2017-06-05,2436.10009765625,0.1006999969482422,0.07152136768452934
2017-06-06,2429.330078125,0.10449999809265137,0.07232623637917834
2017-06-07,2433.139892578125,0.10390000343322754,0.0722992962824427
2017-06-08,2433.7900390625,0.1015999984741211,0.07234412933957737
2017-06-09,2431.77001953125,0.10699999809265137,0.07238542796085914
2017-06-12,2429.389892578125,0.11460000038146972,0.07256589251370263
2017-06-13,2440.35009765625,0.10420000076293943,0.07164381550845626
2017-06-14,2437.919921875,0.10640000343322754,0.07163961995563864
2017-06-15,2432.4599609375,0.10899999618530272,0.07138632640491864
2017-06-16,2433.14990234375,0.10380000114440918,0.0714779659707696
2017-06-19,2453.4599609375,0.10369999885559082,0.06783934061608879
2017-06-20,2437.030029296875,0.10859999656677247,0.06448340548655618
2017-06-21,2435.610107421875,0.1075,0.06489423952211962
2017-06-22,2434.5,0.10479999542236328,0.06495074508736243
2017-06-23,2438.300048828125,0.10020000457763673,0.06496257743698747
2017-06-26,2439.070068359375,0.09899999618530271,0.06553865316685642
2017-06-27,2419.3798828125,0.11060000419616699,0.06035517530032871
2017-06-28,2440.68994140625,0.10029999732971191,0.0704692753587085
2017-06-29,2419.699951171875,0.114399995803833,0.065644175405927
2017-06-30,2423.409912109375,0.1118000030517578,0.07136021961039214
2017-07-03,2429.010009765625,0.11220000267028808,0.07123266020382348
2017-07-05,2432.5400390625,0.1106999969482422,0.07122881591004598
2017-07-06,2409.75,0.12539999961853027,0.08029635720745229
2017-07-07,2425.179931640625,0.111899995803833,0.0783780555221278
2017-07-10,2427.429931640625,0.11109999656677245,0.07840499265297428
2017-07-11,2425.530029296875,0.10890000343322753,0.08340779211896705
2017-07-12,2443.25,0.10300000190734863,0.08146078185935762
2017-07-13,2447.830078125,0.09899999618530271,0.0814805157642533
2017-07-14,2459.27001953125,0.09510000228881836,0.08040872984380265
2017-07-17,2459.139892578125,0.0981999969482422,0.08043373153486391
2017-07-18,2460.610107421875,0.09890000343322754,0.08045802016072641
2017-07-19,2473.830078125,0.09789999961853027,0.08003454984523845
2017-07-20,2473.449951171875,0.09579999923706056,0.08185673937269357
2017-07-21,2472.5400390625,0.09359999656677247,0.08205381814884502
2017-07-24,2469.909912109375,0.0943000030517578,0.08494711385894277
2017-07-25,2477.1298828125,0.0943000030517578,0.0850137759492962
2017-07-26,2477.830078125,0.09600000381469728,0.08500359107704679
2017-07-27,2475.419921875,0.10109999656677246,0.08505911147270673
2017-07-28,2472.10009765625,0.10289999961853027,0.09070076951316498
2017-07-31,2470.300048828125,0.10260000228881835,0.09110379825982991
2017-08-01,2476.35009765625,0.10090000152587891,0.09089760729214212
2017-08-02,2477.570068359375,0.10279999732971191,0.09098486216333043
2017-08-03,2472.159912109375,0.10439999580383301,0.09080007253398964
2017-08-04,2476.830078125,0.10029999732971191,0.09074617301890767
2017-08-07,2480.909912109375,0.09930000305175779,0.09069353701052683
2017-08-08,2474.919921875,0.10960000038146972,0.0903166081464053
2017-08-09,2474.02001953125,0.11109999656677245,0.09085995203077167
2017-08-10,2438.2099609375,0.16040000915527344,0.079059888117239
2017-08-11,2441.320068359375,0.15510000228881837,0.07955081107624355
2017-08-14,2465.840087890625,0.12329999923706056,0.07457100074229196
2017-08-15,2464.610107421875,0.12039999961853028,0.07525898802045275
2017-08-16,2468.110107421875,0.11739999771118165,0.07524044624635433
2017-08-17,2430.010009765625,0.15550000190734864,0.058149858406167765
2017-08-18,2425.550048828125,0.14260000228881836,0.05790731244617012
2017-08-21,2428.3701171875,0.13189999580383302,0.057944446216226624
2017-08-22,2452.510009765625,0.11350000381469728,0.05209181860941476
2017-08-23,2444.0400390625,0.1225,0.05178067265795342
2017-08-24,2438.969970703125,0.12229999542236328,0.051267774493876164
2017-08-25,2443.050048828125,0.11279999732971191,0.05213543435146527
2017-08-28,2444.239990234375,0.1131999969482422,0.052139572830881165
2017-08-29,2446.300048828125,0.11699999809265137,0.05212131733582813
2017-08-30,2457.590087890625,0.11220000267028808,0.05200500725294814
2017-08-31,2471.64990234375,0.1059000015258789,0.05025846640728252
2017-09-01,2476.550048828125,0.10130000114440918,0.05022697172209673
2017-09-05,2457.85009765625,0.12229999542236328,0.04305499882372509
2017-09-06,2465.5400390625,0.11630000114440918,0.04275415957678904
2017-09-07,2465.10009765625,0.11550000190734863,0.042630130860898924
2017-09-08,2461.429931640625,0.12119999885559082,0.04317837826635147
2017-09-11,2488.110107421875,0.10729999542236328,0.03626796047816956
2017-09-12,2496.47998046875,0.10579999923706057,0.035635555744170974
2017-09-13,2498.3701171875,0.105,0.03919762027246037
2017-09-14,2495.6201171875,0.10439999580383301,0.038811797039952814
2017-09-15,2500.22998046875,0.10170000076293943,0.04399399976926272
2017-09-18,2503.8701171875,0.10149999618530271,0.04566642237467718
2017-09-19,2506.64990234375,0.10180000305175779,0.04566251794625085
2017-09-20,2508.239990234375,0.09779999732971191,0.04569826786896155
2017-09-21,2500.60009765625,0.09670000076293944,0.0441842697283305
2017-09-22,2502.219970703125,0.09590000152587891,0.04456208613729198
2017-09-25,2496.659912109375,0.10210000038146973,0.04341826184635887
2017-09-26,2496.840087890625,0.10170000076293943,0.043485778904693594
2017-09-27,2507.0400390625,0.09869999885559082,0.04264902446137857
2017-09-28,2510.06005859375,0.09550000190734863,0.04495857901458805
2017-09-29,2519.360107421875,0.09510000228881836,0.04451128880740855
2017-10-02,2529.1201171875,0.09449999809265136,0.043572389143322336
2017-10-03,2534.580078125,0.09510000228881836,0.04421802242632183
2017-10-04,2537.739990234375,0.09630000114440918,0.047574240834645294
2017-10-05,2552.070068359375,0.09189999580383301,0.05049214667355701
2017-10-06,2549.330078125,0.09649999618530272,0.051093851163798755
2017-10-09,2544.72998046875,0.10329999923706057,0.05072536187322053
2017-10-10,2550.639892578125,0.10079999923706057,0.05343281349200771
2017-10-11,2555.239990234375,0.09850000381469728,0.05345699046051994
2017-10-12,2550.929931640625,0.0990999984741211,0.0532003679738573
2017-10-13,2553.169921875,0.09609999656677246,0.05328243079582557
2017-10-16,2557.639892578125,0.0990999984741211,0.059505837320629036
2017-10-17,2559.360107421875,0.103100004196167,0.05961579446864787
2017-10-18,2561.260009765625,0.1006999969482422,0.06325389418343483
2017-10-19,2562.10009765625,0.10050000190734863,0.06387030390334911
2017-10-20,2575.2099609375,0.09970000267028808,0.06294071489457562
2017-10-23,2564.97998046875,0.1106999969482422,0.06278906174752003
2017-10-24,2569.1298828125,0.1115999984741211,0.06280077323219257
2017-10-25,2557.14990234375,0.11229999542236328,0.060909471475831596
2017-10-26,2560.39990234375,0.11300000190734863,0.062270658079003206
2017-10-27,2581.070068359375,0.09800000190734863,0.05912657721842038
2017-10-30,2572.830078125,0.105,0.05778064297654149
2017-10-31,2575.260009765625,0.10180000305175779,0.05797277321800667
2017-11-01,2579.360107421875,0.10199999809265137,0.059866457693870154
2017-11-02,2579.85009765625,0.09930000305175779,0.06414396995719616
2017-11-03,2587.840087890625,0.09140000343322754,0.06504403086850914
2017-11-06,2591.1298828125,0.09399999618530272,0.06635516586631054
2017-11-07,2590.639892578125,0.09890000343322754,0.06649231950604828
2017-11-08,2594.3798828125,0.09779999732971191,0.06653353591473096
2017-11-09,2584.6201171875,0.105,0.065087491289217
2017-11-10,2582.300048828125,0.11289999961853027,0.06513528442025698
2017-11-13,2584.840087890625,0.115,0.06514437594778415
2017-11-14,2578.8701171875,0.11590000152587891,0.064283574545263
2017-11-15,2564.6201171875,0.13130000114440918,0.0639685696256881
2017-11-16,2585.639892578125,0.11760000228881835,0.06406718910965165
2017-11-17,2578.85009765625,0.11430000305175779,0.06447338480132947
2017-11-20,2582.139892578125,0.10649999618530272,0.06480956767246551
2017-11-21,2599.030029296875,0.09729999542236328,0.06513505559926076
2017-11-22,2597.080078125,0.09880000114440918,0.0646882864055629
2017-11-24,2602.419921875,0.09670000076293944,0.06470735003364673
2017-11-27,2601.419921875,0.09869999885559082,0.06496031427663136
2017-11-28,2627.0400390625,0.10029999732971191,0.062439097597626565
2017-11-29,2626.070068359375,0.10699999809265137,0.06373285848492127
2017-11-30,2647.580078125,0.11279999732971191,0.06287487336974898
2017-12-01,2642.219970703125,0.11430000305175779,0.06579729779568404
2017-12-04,2639.43994140625,0.11680000305175779,0.06604229766876459
2017-12-05,2629.570068359375,0.11329999923706056,0.06412758277913114
2017-12-06,2629.27001953125,0.11020000457763672,0.06587982748584702
2017-12-07,2636.97998046875,0.1015999984741211,0.0658723152507052
2017-12-08,2651.5,0.09579999923706056,0.0657890188242544
2017-12-11,2659.989990234375,0.0934000015258789,0.06589773563813328
2017-12-12,2664.110107421875,0.09920000076293943,0.0714792632252496
2017-12-13,2662.85009765625,0.10180000305175779,0.07594026072997659
2017-12-14,2652.010009765625,0.10489999771118164,0.08323343750057761
2017-12-15,2675.81005859375,0.09420000076293944,0.08074840887280796
2017-12-18,2690.159912109375,0.09529999732971191,0.0803242508606928
2017-12-19,2681.469970703125,0.10029999732971191,0.10374314454700323
2017-12-20,2679.25,0.09720000267028808,0.1618253252042922
2017-12-21,2684.570068359375,0.09619999885559082,0.169658943335261
2017-12-22,2683.340087890625,0.09899999618530271,0.17030902136959122
2017-12-26,2680.5,0.1025,0.20322551200586486
2017-12-27,2682.6201171875,0.10470000267028809,0.20846020453156316
2017-12-28,2687.5400390625,0.10180000305175779,0.21262503980297434
2017-12-29,2673.610107421875,0.11039999961853027,0.21229613957688767
2018-01-02,2695.81005859375,0.09770000457763672,0.2145227475477511
2018-01-03,2713.06005859375,0.09149999618530272,0.2165746647950527
2018-01-04,2723.989990234375,0.09220000267028809,0.21627657645047565
2018-01-05,2743.14990234375,0.09220000267028809,0.21591995523752164
2018-01-08,2747.7099609375,0.09520000457763672,0.2163460148810786
2018-01-09,2751.2900390625,0.10079999923706057,0.2163234097394353
2018-01-10,2748.22998046875,0.0981999969482422,0.22151619874502887
2018-01-11,2767.56005859375,0.09880000114440918,0.22321354469535984
2018-01-12,2786.239990234375,0.1015999984741211,0.22536846103766864
2018-01-16,2776.419921875,0.1165999984741211,0.22733357573094476
2018-01-17,2802.56005859375,0.11909999847412109,0.22810017680512576
2018-01-18,2798.030029296875,0.12220000267028809,0.22889459413367316
2018-01-19,2810.300048828125,0.11270000457763672,0.23110271915269226
2018-01-22,2832.969970703125,0.11029999732971191,0.2297789845749686
2018-01-23,2839.1298828125,0.11100000381469728,0.22956339616535731
2018-01-24,2837.5400390625,0.11470000267028808,0.23017147541054217
2018-01-25,2839.25,0.11579999923706057,0.23625371385062977
2018-01-26,2872.8701171875,0.11079999923706056,0.23331298756676044
2018-01-29,2853.530029296875,0.13840000152587892,0.23323678744699233
2018-01-30,2822.429931640625,0.1478999996185303,0.23179577269173293
2018-01-31,2823.81005859375,0.13539999961853028,0.23176015611720185
2018-02-01,2821.97998046875,0.1347000026702881,0.23188375257428095
2018-02-02,2762.1298828125,0.17309999465942383,0.22725391503623665
2018-02-05,2648.93994140625,0.3731999969482422,0.19067531245909064
2018-02-06,2695.139892578125,0.2997999954223633,0.1842924356281041
2018-02-07,2681.659912109375,0.2772999954223633,0.19834629102082765
2018-02-08,2581.0,0.3345999908447266,0.17487157111035884
2018-02-09,2619.550048828125,0.2905999946594238,0.1866763393942385
2018-02-12,2656.0,0.2561000061035156,0.18924208410252713
2018-02-13,2662.93994140625,0.24969999313354493,0.18911877844611183
2018-02-14,2698.6298828125,0.19260000228881835,0.18935540612228507
2018-02-15,2731.199951171875,0.191299991607666,0.19560024431468218
2018-02-16,2732.219970703125,0.19459999084472657,0.19994279576965165
2018-02-20,2716.260009765625,0.20600000381469727,0.20293816085174687
2018-02-21,2701.330078125,0.20020000457763673,0.2036498728353575
2018-02-22,2703.9599609375,0.18719999313354493,0.21304080445689752
2018-02-23,2747.300048828125,0.16489999771118163,0.2072844768666448
2018-02-26,2779.60009765625,0.15800000190734864,0.2104900402196925
2018-02-27,2744.280029296875,0.1859000015258789,0.20814921577521223
2018-02-28,2713.830078125,0.19850000381469726,0.2077203499569688
2018-03-01,2677.669921875,0.2246999931335449,0.20429810374647667
2018-03-02,2691.25,0.19590000152587891,0.20516702269835876
2018-03-05,2720.93994140625,0.18729999542236328,0.20499678633274435
2018-03-06,2728.1201171875,0.1836000061035156,0.20484819754176586
2018-03-07,2726.800048828125,0.17760000228881836,0.20546890031912332
2018-03-08,2738.969970703125,0.16540000915527345,0.20625450761994235
2018-03-09,2786.570068359375,0.14640000343322754,0.19905459452615612
2018-03-12,2783.02001953125,0.15779999732971192,0.20209215009688786
2018-03-13,2765.31005859375,0.16350000381469726,0.20188568204247517
2018-03-14,2749.47998046875,0.1722999954223633,0.20437135837245468
2018-03-15,2747.330078125,0.16590000152587892,0.20446399244868477
2018-03-16,2752.010009765625,0.15800000190734864,0.20536509760080943
2018-03-19,2712.919921875,0.19020000457763672,0.201857295298426
2018-03-20,2716.93994140625,0.18200000762939453,0.2026092310053857
2018-03-21,2711.929931640625,0.17860000610351562,0.20262739733285254
2018-03-22,2643.68994140625,0.23340000152587892,0.19256336192606593
2018-03-23,2588.260009765625,0.24870000839233397,0.18166025068112468
2018-03-26,2658.550048828125,0.21030000686645509,0.1644775398100202
2018-03-27,2612.6201171875,0.225,0.15789151380601327
2018-03-28,2605.0,0.22870000839233398,0.1591868918122011
2018-03-29,2640.8701171875,0.19969999313354492,0.1549400977746792
2018-04-02,2581.8798828125,0.236200008392334,0.13776399151316432
2018-04-03,2614.449951171875,0.21100000381469727,0.1361669158371317
2018-04-04,2644.68994140625,0.20059999465942382,0.13295115740719238
2018-04-05,2662.840087890625,0.18940000534057616,0.13186338300099418
2018-04-06,2604.469970703125,0.21489999771118165,0.11326201459665265
2018-04-09,2613.159912109375,0.21770000457763672,0.11446648874094442
2018-04-10,2656.8701171875,0.20469999313354492,0.10581513664850631
2018-04-11,2642.18994140625,0.20239999771118164,0.10426568064326744
2018-04-12,2663.989990234375,0.18489999771118165,0.1024256587476458
2018-04-13,2656.300048828125,0.17409999847412108,0.10227140796627429
2018-04-16,2677.840087890625,0.16559999465942382,0.10598079023711789
2018-04-17,2706.389892578125,0.1525,0.10784842918597065
2018-04-18,2708.639892578125,0.15600000381469728,0.10977771319080272
2018-04-19,2693.1298828125,0.15960000038146974,0.11273493777976211
2018-04-20,2670.139892578125,0.168799991607666,0.10990580687657014
2018-04-23,2670.2900390625,0.1634000015258789,0.10987638540981762
2018-04-24,2634.56005859375,0.1802000045776367,0.10304754438434255
2018-04-25,2639.39990234375,0.1784000015258789,0.10328300847169991
2018-04-26,2666.93994140625,0.16239999771118163,0.10002065888698004
2018-04-27,2669.909912109375,0.1540999984741211,0.10002175433094737
2018-04-30,2648.050048828125,0.1593000030517578,0.09579814635239539
2018-05-01,2654.800048828125,0.15489999771118165,0.09718330443111187
2018-05-02,2635.669921875,0.15970000267028808,0.09362527536392988
2018-05-03,2629.72998046875,0.15899999618530272,0.09322614968714737
2018-05-04,2663.419921875,0.1477000045776367,0.0879525773293534
2018-05-07,2672.6298828125,0.1475,0.08906787436737575
2018-05-08,2671.919921875,0.14710000038146973,0.08898802004758899
2018-05-09,2697.7900390625,0.13420000076293945,0.08783641148242423
2018-05-10,2723.070068359375,0.1322999954223633,0.08399851380215835
2018-05-11,2727.719970703125,0.12649999618530272,0.09340601573341765
2018-05-14,2730.1298828125,0.1293000030517578,0.09360839990864997
2018-05-15,2711.449951171875,0.1463000011444092,0.09485917283457974
2018-05-16,2722.4599609375,0.13420000076293945,0.09586090425883174
2018-05-17,2720.1298828125,0.1343000030517578,0.09586081882094974
2018-05-18,2712.969970703125,0.13420000076293945,0.09593331553952866
2018-05-21,2733.010009765625,0.13079999923706057,0.09454299361491557
2018-05-22,2724.43994140625,0.13220000267028809,0.09748068592828368
2018-05-23,2733.2900390625,0.12579999923706056,0.10004808489716824
2018-05-24,2727.760009765625,0.12529999732971192,0.1027140203734725
2018-05-25,2721.330078125,0.13220000267028809,0.10260264412987738
2018-05-29,2689.860107421875,0.17020000457763673,0.09857722544679078
2018-05-30,2724.010009765625,0.149399995803833,0.09517920060965976
2018-05-31,2705.27001953125,0.15430000305175778,0.09226168671552308
2018-06-01,2734.6201171875,0.13460000038146971,0.08779509855042326
2018-06-04,2746.8701171875,0.12739999771118163,0.0876225459544989
2018-06-05,2748.800048828125,0.12399999618530272,0.08771690727861017
2018-06-06,2772.35009765625,0.11640000343322754,0.08559666932363269
2018-06-07,2770.3701171875,0.12130000114440918,0.08562551121799622
2018-06-08,2779.030029296875,0.1218000030517578,0.08534818620025587
2018-06-11,2782.0,0.12350000381469728,0.0862939592374658
2018-06-12,2786.85009765625,0.1234000015258789,0.08977746838152452
2018-06-13,2775.6298828125,0.12939999580383302,0.08936595278384019
2018-06-14,2782.489990234375,0.12119999885559082,0.09166109226360214
2018-06-15,2779.659912109375,0.11979999542236328,0.09333443000745861
2018-06-18,2773.75,0.123100004196167,0.09397206886581475
2018-06-19,2762.590087890625,0.1335000038146973,0.09311267779761546
2018-06-20,2767.320068359375,0.12789999961853027,0.09390225025243122
2018-06-21,2749.760009765625,0.14640000343322754,0.09208999327100172
2018-06-22,2754.8798828125,0.13770000457763673,0.09234012474441969
2018-06-25,2717.070068359375,0.17329999923706055,0.0807926102134896
2018-06-26,2723.06005859375,0.15920000076293944,0.08097263565598575
2018-06-27,2699.6298828125,0.17909999847412109,0.07556096931608115
2018-06-28,2716.31005859375,0.16850000381469726,0.07873192241151407
2018-06-29,2718.3701171875,0.1609000015258789,0.08027261436270727
2018-07-02,2726.7099609375,0.15600000381469728,0.08148539079622101
2018-07-03,2713.219970703125,0.16139999389648438,0.08362464051272263
2018-07-05,2736.610107421875,0.14970000267028807,0.08311853767052425
2018-07-06,2759.820068359375,0.1336999988555908,0.08054686815711391
2018-07-09,2784.169921875,0.12689999580383302,0.07729994689141906
2018-07-10,2793.840087890625,0.12640000343322755,0.07699560094335935
2018-07-11,2774.02001953125,0.13630000114440918,0.07335532747082252
2018-07-12,2798.2900390625,0.12579999923706056,0.070021205936255
2018-07-13,2801.31005859375,0.1218000030517578,0.07180411860716408
2018-07-16,2798.429931640625,0.12829999923706056,0.07417787719368923
2018-07-17,2809.550048828125,0.120600004196167,0.07373126828000542
2018-07-18,2815.6201171875,0.12100000381469728,0.07490055848922823
2018-07-19,2804.489990234375,0.12869999885559083,0.07519681509055438
2018-07-20,2801.830078125,0.12859999656677246,0.07500194372481056
2018-07-23,2806.97998046875,0.12619999885559083,0.07541222981227232
2018-07-24,2820.39990234375,0.12409999847412109,0.07536113253476306
2018-07-25,2846.070068359375,0.12289999961853028,0.07219064188092461
2018-07-26,2837.43994140625,0.12140000343322754,0.07189227856272681
2018-07-27,2818.820068359375,0.13029999732971193,0.06887173119664317
2018-07-30,2802.60009765625,0.14260000228881836,0.06660427472049753
2018-07-31,2816.2900390625,0.12829999923706056,0.06560051356678101
2018-08-01,2813.360107421875,0.13149999618530273,0.06656277830138115
2018-08-02,2827.219970703125,0.12189999580383301,0.06557856977416436
2018-08-03,2840.35009765625,0.11640000343322754,0.0671970587663977
2018-08-06,2850.39990234375,0.11270000457763672,0.06809826041678411
2018-08-07,2858.449951171875,0.1093000030517578,0.06780999760694331
2018-08-08,2857.699951171875,0.10850000381469728,0.07091170689124517
2018-08-09,2853.580078125,0.11270000457763672,0.07067901735643642
2018-08-10,2833.280029296875,0.1315999984741211,0.06783406142579101
2018-08-13,2821.929931640625,0.1477999973297119,0.06653709093921857
2018-08-14,2839.9599609375,0.133100004196167,0.06576254439026939
2018-08-15,2818.3701171875,0.14640000343322754,0.06095287712797332
2018-08-16,2840.68994140625,0.13449999809265137,0.05752485945967513
2018-08-17,2850.1298828125,0.12640000343322755,0.05765021842141548
2018-08-20,2857.050048828125,0.12489999771118164,0.05756443831819293
2018-08-21,2862.9599609375,0.12859999656677246,0.057432174204644554
2018-08-22,2861.820068359375,0.1225,0.06294344631479355
2018-08-23,2856.97998046875,0.12409999847412109,0.0650423331461884
2018-08-24,2874.68994140625,0.11989999771118164,0.06265317324608817
2018-08-27,2896.739990234375,0.12159999847412109,0.05856217804836108
2018-08-28,2897.52001953125,0.125,0.11266220829877724
2018-08-29,2914.0400390625,0.1225,0.12393644919074226
2018-08-30,2901.1298828125,0.1352999973297119,0.13238490358393531
2018-08-31,2901.52001953125,0.12859999656677246,0.1328677659558214
2018-09-04,2896.719970703125,0.1315999984741211,0.1487170295231156
2018-09-05,2888.60009765625,0.1390999984741211,0.1486336704343282
2018-09-06,2878.050048828125,0.1464999961853027,0.15359933909452658
2018-09-07,2871.679931640625,0.14880000114440917,0.15359627340030138
2018-09-10,2877.1298828125,0.14159999847412108,0.15355224117700345
2018-09-11,2887.889892578125,0.13220000267028809,0.15318895205689675
2018-09-12,2888.919921875,0.13140000343322755,0.1753692780856606
2018-09-13,2904.179931640625,0.12369999885559083,0.1845638683082092
2018-09-14,2904.97998046875,0.12069999694824221,0.18946798929723585
2018-09-17,2888.800048828125,0.1368000030517578,0.1896101511448202
2018-09-18,2904.31005859375,0.12789999961853027,0.19570791122857972
2018-09-19,2907.949951171875,0.1175,0.19928029969026914
2018-09-20,2930.75,0.11800000190734863,0.20061892910969026
2018-09-21,2929.669921875,0.11680000305175779,0.200880971179787
2018-09-24,2919.3701171875,0.12199999809265137,0.20218357555894304
2018-09-25,2915.56005859375,0.12420000076293944,0.2036298092537837
2018-09-26,2905.969970703125,0.12890000343322755,0.21406054525670296
2018-09-27,2914.0,0.12409999847412109,0.21378541123490316
2018-09-28,2913.97998046875,0.12119999885559082,0.21499115248343156
2018-10-01,2924.590087890625,0.12,0.22079363441500247
2018-10-02,2923.429931640625,0.12050000190734864,0.22073294165083374
2018-10-03,2925.510009765625,0.11609999656677246,0.22103574425766212
2018-10-04,2901.610107421875,0.1422000026702881,0.22360653836932168
2018-10-05,2885.570068359375,0.1481999969482422,0.22367865636228093
2018-10-08,2884.429931640625,0.15689999580383301,0.22780754219290603
2018-10-09,2880.340087890625,0.15949999809265136,0.2324464024727151
2018-10-10,2785.679931640625,0.22959999084472657,0.21412200094041384
2018-10-11,2728.3701171875,0.24979999542236328,0.2069343980700128
2018-10-12,2767.1298828125,0.21309999465942384,0.20780665543584806
2018-10-15,2750.7900390625,0.21299999237060546,0.20767688217200786
2018-10-16,2809.919921875,0.176200008392334,0.20905256430365185
2018-10-17,2809.2099609375,0.17399999618530274,0.2090841374054341
2018-10-18,2768.780029296875,0.20059999465942382,0.20653018115687583
2018-10-19,2767.780029296875,0.1988999938964844,0.20896474288772576
2018-10-22,2755.8798828125,0.1963999938964844,0.2298014097425461
2018-10-23,2740.68994140625,0.20709999084472655,0.2293604485739769
2018-10-24,2656.10009765625,0.25229999542236325,0.2212695483963639
2018-10-25,2705.570068359375,0.24219999313354493,0.2141566776724045
2018-10-26,2658.68994140625,0.24159999847412109,0.2082698417054314
2018-10-29,2641.25,0.24700000762939453,0.2080135834785777
2018-10-30,2682.6298828125,0.23350000381469727,0.20281055795341124
2018-10-31,2711.739990234375,0.21229999542236327,0.20706438704168606
2018-11-01,2740.3701171875,0.1934000015258789,0.21140265666605543
2018-11-02,2723.06005859375,0.19510000228881835,0.21119685494633533
2018-11-05,2738.31005859375,0.19959999084472657,0.21324852625300383
2018-11-06,2755.449951171875,0.1990999984741211,0.2146132645654861
2018-11-07,2813.889892578125,0.16360000610351563,0.20691369126960135
2018-11-08,2806.830078125,0.16719999313354492,0.21665851623758997
2018-11-09,2781.010009765625,0.17360000610351561,0.26741634121069896
2018-11-12,2726.219970703125,0.20450000762939452,0.2653993930848492
2018-11-13,2722.179931640625,0.20020000457763673,0.2654125526474217
2018-11-14,2701.580078125,0.2125,0.26708460972555004
2018-11-15,2730.199951171875,0.1997999954223633,0.26449293854007044
2018-11-16,2736.27001953125,0.18139999389648442,0.27171584438506896
2018-11-19,2690.72998046875,0.20100000381469726,0.2894932731524369
2018-11-20,2641.889892578125,0.22479999542236329,0.2863927823491374
2018-11-21,2649.929931640625,0.20799999237060546,0.2878765768668513
2018-11-23,2632.56005859375,0.21520000457763672,0.2877292810470969
2018-11-26,2673.449951171875,0.18899999618530272,0.2841667188866895
2018-11-27,2682.169921875,0.19020000457763672,0.28389777579665165
2018-11-28,2743.7900390625,0.18489999771118165,0.2749573489129246
2018-11-29,2737.800048828125,0.18790000915527344,0.27740077248259065
2018-11-30,2760.169921875,0.18069999694824218,0.27612484102184776
2018-12-03,2790.3701171875,0.16440000534057617,0.27496663048239767
2018-12-04,2700.06005859375,0.20739999771118164,0.26190713898772605
2018-12-06,2695.949951171875,0.21190000534057618,0.26497964996758683
2018-12-07,2633.080078125,0.2322999954223633,0.2560837762462036
2018-12-10,2637.719970703125,0.2263999938964844,0.25606409739181857
2018-12-11,2636.780029296875,0.21760000228881837,0.2572104443059821
2018-12-12,2651.070068359375,0.21459999084472656,0.25782311409251185
2018-12-13,2650.5400390625,0.20649999618530274,0.257853487462913
2018-12-14,2599.949951171875,0.21629999160766603,0.2550712492367296
2018-12-17,2545.93994140625,0.24520000457763672,0.2471638870777791
2018-12-18,2546.159912109375,0.25579999923706054,0.24712020940659926
2018-12-19,2506.9599609375,0.25579999923706054,0.2417462304091103
2018-12-20,2467.419921875,0.283799991607666,0.23520086043992966
2018-12-21,2416.6201171875,0.3011000061035156,0.2244624049378995
2018-12-24,2351.10009765625,0.3606999969482422,0.20786497028718
2018-12-26,2467.699951171875,0.3040999984741211,0.16149587705238547
2018-12-27,2488.830078125,0.29959999084472655,0.1607995561900741
2018-12-28,2485.739990234375,0.2834000015258789,0.16284657963714275
2018-12-31,2506.85009765625,0.25420000076293947,0.162112363434332
2019-01-02,2510.030029296875,0.23219999313354492,0.16289916786076586
2019-01-03,2447.889892578125,0.2545000076293945,0.14090292296671025
2019-01-04,2531.93994140625,0.21379999160766602,0.10961861070260318
2019-01-07,2549.68994140625,0.21399999618530274,0.10905751759557607
2019-01-08,2574.409912109375,0.20469999313354492,0.10870120579144614
2019-01-09,2584.9599609375,0.1997999954223633,0.10919712647730112
2019-01-10,2596.639892578125,0.195,0.10910632898671278
2019-01-11,2596.260009765625,0.18190000534057618,0.10925634976491272
2019-01-14,2582.610107421875,0.1906999969482422,0.10719454668667128
2019-01-15,2610.300048828125,0.18600000381469728,0.10549724219478128
2019-01-16,2616.10009765625,0.19040000915527344,0.10638052696528447
2019-01-17,2635.9599609375,0.18059999465942383,0.10664232074182796
2019-01-18,2670.7099609375,0.17799999237060546,0.10154311539755527
2019-01-22,2632.89990234375,0.20799999237060546,0.09329916411948062
2019-01-23,2638.699951171875,0.19520000457763673,0.09755921062212844
2019-01-24,2642.330078125,0.1888999938964844,0.09808449379963617
2019-01-25,2664.760009765625,0.17420000076293946,0.10343378845837647
2019-01-28,2643.85009765625,0.18870000839233397,0.0996388983577756
2019-01-29,2640.0,0.191299991607666,0.10020950902192616
2019-01-30,2681.050048828125,0.17659999847412108,0.09216879690074813
2019-01-31,2704.10009765625,0.1656999969482422,0.0903654826457505
2019-02-01,2706.530029296875,0.16139999389648438,0.09058707604345165
2019-02-04,2724.8701171875,0.15729999542236328,0.08932055287086767
2019-02-05,2737.699951171875,0.15569999694824221,0.08953627235291542
2019-02-06,2731.610107421875,0.15380000114440917,0.09328587499961041
2019-02-07,2706.050048828125,0.16370000839233398,0.10651333174227445
2019-02-08,2707.8798828125,0.15720000267028808,0.10666189368174038
2019-02-11,2709.800048828125,0.15970000267028808,0.10808647564457372
2019-02-12,2744.72998046875,0.15430000305175778,0.10370602321682876
2019-02-13,2753.030029296875,0.15649999618530272,0.10382701460613286
2019-02-14,2745.72998046875,0.1621999931335449,0.10470519667988386
2019-02-15,2775.60009765625,0.1490999984741211,0.10527491976492537
2019-02-19,2779.760009765625,0.14880000114440917,0.10531156320394833
2019-02-20,2784.699951171875,0.1402000045776367,0.10533974258160557
2019-02-21,2774.8798828125,0.14460000038146972,0.1044728213359248
2019-02-22,2792.669921875,0.13510000228881835,0.10383889283030316
2019-02-25,2796.110107421875,0.14850000381469727,0.10383937770565449
2019-02-26,2793.89990234375,0.15170000076293944,0.10582225607386556
2019-02-27,2792.3798828125,0.14699999809265138,0.105956061102987
2019-02-28,2784.489990234375,0.1477999973297119,0.10535033115429256
2019-03-01,2803.68994140625,0.1356999969482422,0.10522104901733463
2019-03-04,2792.81005859375,0.1463000011444092,0.10426840220251146
2019-03-05,2789.64990234375,0.14739999771118165,0.10404130764041733
2019-03-06,2771.449951171875,0.15739999771118163,0.10193181291946601
2019-03-07,2748.929931640625,0.16590000152587892,0.0977199848836139
2019-03-08,2743.070068359375,0.16049999237060547,0.09703095098898962
2019-03-11,2783.300048828125,0.14329999923706058,0.0918224259165285
2019-03-12,2791.52001953125,0.13770000457763673,0.09244859751478934
2019-03-13,2810.919921875,0.1340999984741211,0.09119408189054747
2019-03-14,2808.47998046875,0.135,0.09144259779817746
2019-03-15,2822.47998046875,0.12880000114440918,0.09086140680059973
2019-03-18,2832.93994140625,0.13100000381469729,0.09060434341801563
2019-03-19,2832.570068359375,0.135600004196167,0.09409260250761121
2019-03-20,2824.22998046875,0.1390999984741211,0.09381822921122591
2019-03-21,2854.8798828125,0.13630000114440918,0.0927963166553304
2019-03-22,2800.7099609375,0.1647999954223633,0.07258245786990639
2019-03-25,2798.360107421875,0.16329999923706054,0.08955202701799542
2019-03-26,2818.4599609375,0.1468000030517578,0.0879077277922208
2019-03-27,2805.3701171875,0.15149999618530272,0.08716687980468141
2019-03-28,2815.43994140625,0.1443000030517578,0.08720427325905784
2019-03-29,2834.39990234375,0.13710000038146972,0.11195862968198511
2019-04-01,2867.18994140625,0.13399999618530273,0.10917487056329273
2019-04-02,2867.239990234375,0.13359999656677246,0.11064627167487075
2019-04-03,2873.39990234375,0.13739999771118164,0.11354814330771011
2019-04-04,2879.389892578125,0.13579999923706057,0.1146287638634589
2019-04-05,2892.739990234375,0.12819999694824222,0.11519125916905008
2019-04-08,2895.77001953125,0.1318000030517578,0.11808547846354409
2019-04-09,2878.199951171875,0.1427999973297119,0.11708691782699286
2019-04-10,2888.2099609375,0.13300000190734862,0.12130636231698418
2019-04-11,2888.320068359375,0.13020000457763672,0.12144222901110502
2019-04-12,2907.409912109375,0.12010000228881836,0.121372801769669
2019-04-15,2905.580078125,0.1231999969482422,0.1224745649497822
2019-04-16,2907.06005859375,0.1218000030517578,0.12277965651217952
2019-04-17,2900.449951171875,0.12600000381469728,0.12752755729865417
2019-04-18,2905.030029296875,0.1209000015258789,0.1271634935934658
2019-04-22,2907.969970703125,0.12420000076293944,0.14358423323686126
2019-04-23,2933.679931640625,0.12279999732971192,0.14318828167007588
2019-04-24,2927.25,0.13140000343322755,0.14472719626843122
2019-04-25,2926.169921875,0.1325,0.1484601372652532
2019-04-26,2939.8798828125,0.12729999542236328,0.1484523860254632
2019-04-29,2943.030029296875,0.13109999656677246,0.1483698292307997
2019-04-30,2945.830078125,0.13119999885559083,0.1483416259100071
2019-05-01,2923.72998046875,0.14800000190734863,0.14755051814460454
2019-05-02,2917.52001953125,0.14420000076293943,0.14750484629672403
2019-05-03,2945.639892578125,0.12869999885559083,0.14453777040940335
2019-05-06,2932.469970703125,0.154399995803833,0.14706661341803243
2019-05-07,2884.050048828125,0.1931999969482422,0.13871764007749496
2019-05-08,2879.419921875,0.19399999618530273,0.14093936221145817
2019-05-09,2870.719970703125,0.19100000381469726,0.14060940628161264
2019-05-10,2881.39990234375,0.16040000915527344,0.1405530097536699
2019-05-13,2811.8701171875,0.20549999237060546,0.12291517584372992
2019-05-14,2834.409912109375,0.18059999465942383,0.12140667277692789
2019-05-15,2850.9599609375,0.16440000534057617,0.12084080048604624
2019-05-16,2876.320068359375,0.15289999961853026,0.11937667623646271
2019-05-17,2859.530029296875,0.15960000038146974,0.11929751479878581
2019-05-20,2840.22998046875,0.16309999465942382,0.11695398797157519
2019-05-21,2864.360107421875,0.14949999809265135,0.11655625590528007
2019-05-22,2856.27001953125,0.1475,0.11626433861480301
2019-05-23,2822.239990234375,0.16920000076293945,0.11076408092539877
2019-05-24,2826.06005859375,0.15850000381469728,0.1107684039007613
2019-05-28,2802.389892578125,0.175,0.1067090558704594
2019-05-29,2783.02001953125,0.17899999618530274,0.10314024165245575
2019-05-30,2788.860107421875,0.17299999237060548,0.10331150584783691
2019-05-31,2752.06005859375,0.18709999084472656,0.092103791065985
2019-06-03,2744.449951171875,0.1886000061035156,0.09247243752193586
2019-06-04,2803.27001953125,0.16969999313354492,0.07903640928990133
2019-06-05,2826.14990234375,0.1609000015258789,0.07708977970519931
2019-06-06,2843.489990234375,0.1593000030517578,0.07950820887903585
2019-06-07,2873.340087890625,0.16299999237060547,0.07502229415459831
2019-06-10,2886.72998046875,0.15939999580383302,0.07612992565280742
2019-06-11,2885.719970703125,0.15989999771118163,0.07655119125397586
2019-06-12,2879.840087890625,0.1590999984741211,0.07840804103598784
2019-06-13,2891.639892578125,0.15819999694824222,0.07994012803062878
2019-06-14,2886.97998046875,0.15279999732971192,0.07994169526879721
2019-06-17,2889.669921875,0.15350000381469728,0.08080735316430158
2019-06-18,2917.75,0.15149999618530272,0.08446853765205528
2019-06-19,2926.4599609375,0.14329999923706058,0.08873458175590777
2019-06-20,2954.179931640625,0.1475,0.08702867122767302
2019-06-21,2950.4599609375,0.15399999618530272,0.12301245276287412
2019-06-24,2945.35009765625,0.15260000228881837,0.12964233828549257
2019-06-25,2917.3798828125,0.16280000686645507,0.12696704411053186
2019-06-26,2913.780029296875,0.16209999084472657,0.13830523109419018
2019-06-27,2924.919921875,0.15819999694824222,0.13929619359341383
2019-06-28,2941.760009765625,0.15079999923706056,0.1425973931606921
2019-07-01,2964.330078125,0.140600004196167,0.14784200171913828
2019-07-02,2973.010009765625,0.1293000030517578,0.17003151210884948
2019-07-03,2995.820068359375,0.12569999694824222,0.1682592888063444
2019-07-05,2990.409912109375,0.13279999732971193,0.1745401747700595
2019-07-08,2975.949951171875,0.13960000038146972,0.1782533845522845
2019-07-09,2979.6298828125,0.1409000015258789,0.17941836663638971
2019-07-10,2993.070068359375,0.13029999732971193,0.18070687013829262
2019-07-11,2999.909912109375,0.1293000030517578,0.18047766816637184
2019-07-12,3013.77001953125,0.12390000343322755,0.19403939419880312
2019-07-15,3014.300048828125,0.1268000030517578,0.19750580445084398
2019-07-16,3004.0400390625,0.12859999656677246,0.19749009243725213
2019-07-17,2984.419921875,0.1397000026702881,0.19823616083343723
2019-07-18,2995.110107421875,0.1352999973297119,0.2017820647575323
2019-07-19,2976.610107421875,0.14449999809265138,0.2011637683348593
2019-07-22,2985.030029296875,0.1352999973297119,0.20171894439811358
2019-07-23,3005.469970703125,0.12609999656677245,0.2033547820665914
2019-07-24,3019.56005859375,0.12069999694824221,0.20664965097279378
2019-07-25,3003.669921875,0.12739999771118163,0.20618039441585756
2019-07-26,3025.860107421875,0.12159999847412109,0.20490855534593566
2019-07-29,3020.969970703125,0.12829999923706056,0.2048959469563706
2019-07-30,3013.179931640625,0.139399995803833,0.20597616500287358
2019-07-31,2980.3798828125,0.16120000839233398,0.203554167106522
2019-08-01,2953.56005859375,0.178700008392334,0.2016477887774334
2019-08-02,2932.050048828125,0.17610000610351562,0.20058568785475495
2019-08-05,2844.739990234375,0.2459000015258789,0.17781148948408948
2019-08-06,2881.77001953125,0.20170000076293945,0.1746997726037501
2019-08-07,2883.97998046875,0.19489999771118163,0.17473724782157146
2019-08-08,2938.090087890625,0.1690999984741211,0.16777235590551484
2019-08-09,2918.64990234375,0.17969999313354493,0.16638297804245444
2019-08-12,2882.699951171875,0.2109000015258789,0.16403734581126164
2019-08-13,2926.320068359375,0.1752000045776367,0.1593756098065144
2019-08-14,2840.60009765625,0.22100000381469725,0.1313091765450956
2019-08-15,2847.60009765625,0.2118000030517578,0.13278340078983936
2019-08-16,2888.679931640625,0.18469999313354493,0.1274974551333431
2019-08-19,2923.64990234375,0.168799991607666,0.12872931362596957
2019-08-20,2900.510009765625,0.175,0.13733909494975835
2019-08-21,2924.429931640625,0.15800000190734864,0.13719703701549643
2019-08-22,2922.949951171875,0.16680000305175782,0.1432851642166494
2019-08-23,2847.110107421875,0.19870000839233398,0.12015666690490892
2019-08-26,2878.3798828125,0.1931999969482422,0.1257839403949401
2019-08-27,2869.159912109375,0.20309999465942383,0.1279303183904872
2019-08-28,2887.93994140625,0.19350000381469726,0.12787877790748065
2019-08-29,2924.580078125,0.17879999160766602,0.12655713563745527
2019-08-30,2926.4599609375,0.18979999542236328,0.12667638035340448
2019-09-03,2906.27001953125,0.1965999984741211,0.12755325238194287
2019-09-04,2937.780029296875,0.17329999923706055,0.12438333619681693
2019-09-05,2976.0,0.16270000457763673,0.11899043194272847
2019-09-06,2978.7099609375,0.15,0.11957988203538497
2019-09-09,2978.429931640625,0.15270000457763672,0.12117230738933664
2019-09-10,2979.389892578125,0.15199999809265136,0.12169565308563624
2019-09-11,3000.929931640625,0.14609999656677247,0.12015685198806401
2019-09-12,3009.570068359375,0.1422000026702881,0.11999261361155675
2019-09-13,3007.389892578125,0.13739999771118164,0.12054006132208178
2019-09-16,2997.9599609375,0.14670000076293943,0.12110357560703625
2019-09-17,3005.699951171875,0.144399995803833,0.12098802346067397
2019-09-18,3006.72998046875,0.13949999809265137,0.12128040672979401
2019-09-19,3006.7900390625,0.14050000190734863,0.12169322896428814
2019-09-20,2992.070068359375,0.1531999969482422,0.12351798737464173
2019-09-23,2991.780029296875,0.1490999984741211,0.12376156150972313
2019-09-24,2966.60009765625,0.17049999237060548,0.12071932502556676
2019-09-25,2984.8701171875,0.15960000038146974,0.11980806224558661
2019-09-26,2977.6201171875,0.1606999969482422,0.11945225168430772
2019-09-27,2961.7900390625,0.17219999313354492,0.11789225758208784
2019-09-30,2976.739990234375,0.16239999771118163,0.11778586685022129
2019-10-01,2940.25,0.18559999465942384,0.11056217180822589
2019-10-02,2887.610107421875,0.20559999465942383,0.09350662836280357
2019-10-03,2910.6298828125,0.19120000839233398,0.09203931362002435
2019-10-04,2952.010009765625,0.17040000915527342,0.08642706207152803
2019-10-07,2938.7900390625,0.17860000610351562,0.08443399339891874
2019-10-08,2893.06005859375,0.20280000686645508,0.06633329820230977
2019-10-09,2919.39990234375,0.1863999938964844,0.06575172565288323
2019-10-10,2938.1298828125,0.17569999694824218,0.06527871607957218
2019-10-11,2970.27001953125,0.15579999923706056,0.059397624206799074
2019-10-14,2966.14990234375,0.1456999969482422,0.06113941747570595
2019-10-15,2995.679931640625,0.13539999961853028,0.056171703631999206
2019-10-16,2989.68994140625,0.1368000030517578,0.05560152366388491
2019-10-17,2997.949951171875,0.13789999961853028,0.05798343894233993
2019-10-18,2986.199951171875,0.1425,0.06326561210940931
2019-10-21,3006.719970703125,0.14,0.06523220803144547
2019-10-22,2995.989990234375,0.14460000038146972,0.06556619337292346
2019-10-23,3004.52001953125,0.14010000228881836,0.06540229345419711
2019-10-24,3010.2900390625,0.13710000038146972,0.06925233479659121
2019-10-25,3022.550048828125,0.12649999618530272,0.07006436634032236
2019-10-28,3039.419921875,0.13109999656677246,0.06913477796101349
2019-10-29,3036.889892578125,0.13199999809265137,0.06911956401779722
2019-10-30,3046.77001953125,0.12329999923706056,0.07216203382135945
2019-10-31,3037.56005859375,0.13220000267028809,0.071095583227085
2019-11-01,3066.909912109375,0.12300000190734864,0.06892890134985087
2019-11-04,3078.27001953125,0.12829999923706056,0.06861222508539491
2019-11-05,3074.6201171875,0.13100000381469729,0.06841745286055705
2019-11-06,3076.780029296875,0.12619999885559083,0.06902086129117704
2019-11-07,3085.179931640625,0.12729999542236328,0.06969197877448433
2019-11-08,3093.080078125,0.12069999694824221,0.06962836867199676
2019-11-11,3087.010009765625,0.12689999580383302,0.06907617758895339
2019-11-12,3091.840087890625,0.1268000030517578,0.06989305308437567
2019-11-13,3094.0400390625,0.13,0.06999195849498366
2019-11-14,3096.6298828125,0.13050000190734865,0.07313893354711017
2019-11-15,3120.4599609375,0.12050000190734864,0.07081933616899141
2019-11-18,3122.030029296875,0.12460000038146973,0.07377355122036401
2019-11-19,3120.179931640625,0.12859999656677246,0.07761196860947321
2019-11-20,3108.4599609375,0.12779999732971192,0.07642534801478786
2019-11-21,3103.5400390625,0.13130000114440918,0.0769273321046163
2019-11-22,3110.2900390625,0.1234000015258789,0.07756356847345994
2019-11-25,3133.639892578125,0.11869999885559082,0.07703339015659574
2019-11-26,3140.52001953125,0.11539999961853027,0.07800556928113389
2019-11-27,3153.6298828125,0.1175,0.07930247673448104
2019-11-29,3140.97998046875,0.12619999885559083,0.07814139236293162
2019-12-02,3113.8701171875,0.1490999984741211,0.07197964524161554
2019-12-03,3093.199951171875,0.15960000038146974,0.06969748410670244
2019-12-04,3112.760009765625,0.14800000190734863,0.06883929700478554
2019-12-05,3117.429931640625,0.1452000045776367,0.07026871456366901
2019-12-06,3145.909912109375,0.1361999988555908,0.06722818225453617
2019-12-09,3135.9599609375,0.15859999656677246,0.06559427453058361
2019-12-10,3132.52001953125,0.15680000305175779,0.07254077491586941
2019-12-11,3141.6298828125,0.14989999771118165,0.08844592101430858
2019-12-12,3168.570068359375,0.139399995803833,0.08961556225469412
2019-12-13,3168.800048828125,0.12630000114440917,0.089751749342054
2019-12-16,3191.449951171875,0.12140000343322754,0.08814858600353746
2019-12-17,3192.52001953125,0.12289999961853028,0.10366659801613579
2019-12-18,3191.139892578125,0.12579999923706056,0.10552979058678007
2019-12-19,3205.3701171875,0.125,0.11289814890238169
2019-12-20,3221.219970703125,0.12510000228881835,0.11622436921772017
2019-12-23,3224.010009765625,0.12609999656677245,0.11638905314183302
2019-12-24,3223.3798828125,0.12670000076293944,0.11792008004053404
2019-12-26,3239.909912109375,0.12649999618530272,0.11873974374245054
2019-12-27,3240.02001953125,0.1343000030517578,0.1187032456761733
2019-12-30,3221.2900390625,0.1481999969482422,0.1177392069821495
2019-12-31,3230.780029296875,0.1377999973297119,0.11803133091461204
2020-01-02,3257.85009765625,0.12470000267028808,0.11621946632525319
2020-01-03,3234.85009765625,0.1402000045776367,0.11424200616887921
2020-01-06,3246.280029296875,0.1385000038146973,0.11448369938253125
2020-01-07,3237.179931640625,0.13789999961853028,0.11484577467428446
2020-01-08,3253.050048828125,0.13449999809265137,0.11938515508700555
2020-01-09,3274.699951171875,0.12539999961853027,0.15522202734525584
2020-01-10,3265.35009765625,0.125600004196167,0.17824258182064218
2020-01-13,3288.1298828125,0.1231999969482422,0.1765635552822733
2020-01-14,3283.14990234375,0.12390000343322755,0.21673603664968152
2020-01-15,3289.2900390625,0.12420000076293944,0.21665055006799586
2020-01-16,3316.81005859375,0.1231999969482422,0.25657843364588284
2020-01-17,3329.6201171875,0.12100000381469728,0.2667145443356956
2020-01-21,3320.7900390625,0.12850000381469728,0.2966325237070965
2020-01-22,3321.75,0.1290999984741211,0.31112151075431127
2020-01-23,3325.5400390625,0.12979999542236328,0.31346584892726354
2020-01-24,3295.469970703125,0.145600004196167,0.3818715318940524
2020-01-27,3243.6298828125,0.18229999542236328,0.41160130627676356
2020-01-28,3276.239990234375,0.16280000686645507,0.43034869697022193
2020-01-29,3273.39990234375,0.16389999389648438,0.5088425489525263
2020-01-30,3283.659912109375,0.15489999771118165,0.5822442543142824
2020-01-31,3225.52001953125,0.1884000015258789,0.6798193752010591
2020-02-03,3248.919921875,0.17969999313354493,0.7066205911310411
2020-02-04,3297.590087890625,0.16049999237060547,0.7146919547814884
2020-02-05,3334.68994140625,0.15149999618530272,0.7132171524321876
2020-02-06,3345.780029296875,0.14960000038146973,0.7183514801221008
2020-02-07,3327.7099609375,0.15470000267028808,0.7197462536177444
2020-02-10,3352.090087890625,0.15039999961853026,0.777459315929319
2020-02-11,3357.75,0.15180000305175778,0.7793049784597771
2020-02-12,3379.449951171875,0.13739999771118164,0.8046821528855135
2020-02-13,3373.93994140625,0.1414999961853027,0.8078650649881917
2020-02-14,3380.159912109375,0.1368000030517578,0.8166324823602971
2020-02-18,3370.2900390625,0.14829999923706055,0.8167598795435456
2020-02-19,3386.14990234375,0.1438000011444092,0.8223338105158018
2020-02-20,3373.22998046875,0.15560000419616699,0.8277394430866812
2020-02-21,3337.75,0.17079999923706055,0.827896914782285
2020-02-24,3225.889892578125,0.2503000068664551,0.8542822869799768
2020-02-25,3128.2099609375,0.27850000381469725,0.8512298239433409
2020-02-26,3116.389892578125,0.2755999946594238,0.8586715920177735
2020-02-27,2978.760009765625,0.3915999984741211,0.8512780426233657
2020-02-28,2954.219970703125,0.40110000610351565,0.8514125951104788
2020-03-02,3090.22998046875,0.33419998168945314,0.8453004560140062
2020-03-03,3003.3701171875,0.3681999969482422,0.8438410680665988
2020-03-04,3130.1201171875,0.31989999771118166,0.834014477188168
2020-03-05,3023.93994140625,0.39619998931884765,0.8331691871880234
2020-03-06,2972.3701171875,0.41939998626708985,0.8333089574258862
2020-03-09,2746.56005859375,0.5445999908447265,0.8058265259331425
2020-03-10,2882.22998046875,0.47299999237060547,0.7958511360431624
2020-03-11,2741.3798828125,0.539000015258789,0.782109028643687
2020-03-12,2480.639892578125,0.7547000122070312,0.7221234862040021
2020-03-13,2711.02001953125,0.5783000183105469,0.6774606158972145
2020-03-16,2386.1298828125,0.8269000244140625,0.5558823249122007
2020-03-17,2529.18994140625,0.7591000366210937,0.5372232451858756
2020-03-18,2398.10009765625,0.7644999694824218,0.5102445099468951
2020-03-19,2409.389892578125,0.72,0.5202020425353578
2020-03-20,2304.919921875,0.6604000091552734,0.49847194666672345
2020-03-23,2237.39990234375,0.6159000015258789,0.48616523611000345
2020-03-24,2447.330078125,0.6166999816894532,0.4220187665628872
2020-03-25,2475.56005859375,0.6395000076293945,0.4220148112971529
2020-03-26,2630.070068359375,0.61,0.38983555132188985
2020-03-27,2541.469970703125,0.6554000091552734,0.37319459040074904
2020-03-30,2626.64990234375,0.5708000183105468,0.3703374482688172
2020-03-31,2584.590087890625,0.5354000091552734,0.37102228221252154
2020-04-01,2470.5,0.5706000137329101,0.3424919862127657
2020-04-02,2526.89990234375,0.5090999984741211,0.338318653756894
2020-04-03,2488.64990234375,0.46799999237060547,0.3417938681889785
2020-04-06,2663.679931640625,0.45240001678466796,0.28923084970656127
2020-04-07,2659.409912109375,0.46700000762939453,0.29143079617736356
2020-04-08,2749.97998046875,0.43349998474121093,0.2790640445098258
2020-04-09,2789.820068359375,0.4166999816894531,0.2767146029592314
2020-04-13,2761.6298828125,0.4116999816894531,0.27582367928777
2020-04-14,2846.06005859375,0.37759998321533206,0.26594340900594515
2020-04-15,2783.360107421875,0.4084000015258789,0.25608447489753267
2020-04-16,2799.550048828125,0.40110000610351565,0.2560000555108443
2020-04-17,2874.56005859375,0.38150001525878907,0.24603972121897102
2020-04-20,2823.159912109375,0.4383000183105469,0.23908205995472948
2020-04-21,2736.56005859375,0.4540999984741211,0.21790224866974098
2020-04-22,2799.31005859375,0.4197999954223633,0.21191959631441637
2020-04-23,2797.800048828125,0.41380001068115235,0.2211349390839332
2020-04-24,2836.739990234375,0.3593000030517578,0.22051439921204957
2020-04-27,2878.47998046875,0.33290000915527346,0.22103516646019966
2020-04-28,2863.389892578125,0.3356999969482422,0.2210600227712612
2020-04-29,2939.510009765625,0.3122999954223633,0.2796641980205594
2020-04-30,2912.429931640625,0.34150001525878904,0.2802078177573091
2020-05-01,2830.7099609375,0.37189998626708987,0.26600918168020626
2020-05-04,2842.739990234375,0.35970001220703124,0.2700653491520901
2020-05-05,2868.43994140625,0.33610000610351565,0.27016514757408944
2020-05-06,2848.419921875,0.34119998931884765,0.2686791115135548
2020-05-07,2881.18994140625,0.31440000534057616,0.2685761980712643
2020-05-08,2929.800048828125,0.2797999954223633,0.2654526615436624
2020-05-11,2930.18994140625,0.2756999969482422,0.26546253869722497
2020-05-12,2870.1201171875,0.33040000915527346,0.27001293211926536
2020-05-13,2820.0,0.35279998779296873,0.264576838236054
2020-05-14,2852.5,0.32610000610351564,0.27490985653425865
2020-05-15,2863.699951171875,0.31889999389648443,0.2773554684032766
2020-05-18,2953.909912109375,0.2929999923706055,0.2666671549717479
2020-05-19,2922.93994140625,0.3053000068664551,0.26430746366062824
2020-05-20,2971.610107421875,0.2798999977111816,0.2609006696806515
2020-05-21,2948.510009765625,0.2953000068664551,0.2623505256484814
2020-05-22,2955.449951171875,0.2815999984741211,0.2652089202424591
2020-05-26,2991.77001953125,0.2801000022888184,0.26404796049023016
2020-05-27,3036.1298828125,0.276200008392334,0.2620683457805231
2020-05-28,3029.72998046875,0.2859000015258789,0.2631841751583724
2020-05-29,3044.31005859375,0.27510000228881837,0.2649292840184838
2020-06-01,3055.72998046875,0.2822999954223633,0.26717377004771825
2020-06-02,3080.820068359375,0.2684000015258789,0.2673726748358737
2020-06-03,3122.8701171875,0.25659999847412107,0.2652607087304714
2020-06-04,3112.35009765625,0.25809999465942385,0.2649868338006707
2020-06-05,3193.929931640625,0.24520000457763672,0.2555006023472168
2020-06-08,3232.389892578125,0.25809999465942385,0.25325180713651335
2020-06-09,3207.179931640625,0.2756999969482422,0.252538232856809
2020-06-10,3190.139892578125,0.2756999969482422,0.2548269746682197
2020-06-11,3002.10009765625,0.4079000091552734,0.17857747497321133
2020-06-12,3041.31005859375,0.3609000015258789,0.17638757309972725
2020-06-15,3066.590087890625,0.34400001525878904,0.17708882948064353
2020-06-16,3124.739990234375,0.33669998168945314,0.17259202723921938
2020-06-17,3113.489990234375,0.33470001220703127,0.1726304880099058
2020-06-18,3115.340087890625,0.32939998626708983,0.17355338436920908
2020-06-19,3097.739990234375,0.35119998931884766,0.17284889548799062
2020-06-22,3117.860107421875,0.3177000045776367,0.17241082405144445
2020-06-23,3131.2900390625,0.313700008392334,0.17276797270821162
2020-06-24,3050.330078125,0.3384000015258789,0.150948456643569
2020-06-25,3083.760009765625,0.32220001220703126,0.1492711496397735
2020-06-26,3009.050048828125,0.3472999954223633,0.12486424310755491
2020-06-29,3053.239990234375,0.3178000068664551,0.12489037506361976
2020-06-30,3100.2900390625,0.3043000030517578,0.12375229703120343
2020-07-01,3115.860107421875,0.286200008392334,0.1243875844917175
2020-07-02,3130.010009765625,0.27680000305175784,0.12451550967302392
2020-07-06,3179.719970703125,0.2794000053405762,0.11800792498940589
2020-07-07,3145.320068359375,0.2943000030517578,0.11145669339833728
2020-07-08,3169.93994140625,0.28079999923706056,0.11202648394860991
2020-07-09,3152.050048828125,0.2926000022888184,0.10961621033831437
2020-07-10,3185.0400390625,0.27290000915527346,0.10700901570795657
2020-07-13,3155.219970703125,0.3218999862670898,0.10351930032288159
2020-07-14,3197.52001953125,0.29520000457763673,0.09865273391829286
2020-07-15,3226.56005859375,0.27760000228881837,0.09934035741734734
2020-07-16,3215.570068359375,0.28,0.09778821780340331
2020-07-17,3224.72998046875,0.2568000030517578,0.0984847577621982
2020-07-20,3251.840087890625,0.24459999084472656,0.09805792840854127
2020-07-21,3257.300048828125,0.2484000015258789,0.0991022436795227
2020-07-22,3276.02001953125,0.24319999694824218,0.10531943489501533
2020-07-23,3235.659912109375,0.26079999923706054,0.14803191016150574
2020-07-24,3215.6298828125,0.2584000015258789,0.1491010737130498
2020-07-27,3239.409912109375,0.24739999771118165,0.17201436678047569
2020-07-28,3218.43994140625,0.25440000534057616,0.17901322733460628
2020-07-29,3258.43994140625,0.24100000381469727,0.18478132536055955
2020-07-30,3246.219970703125,0.24760000228881837,0.1842763112338732
2020-07-31,3271.1201171875,0.24459999084472656,0.1864200851700021
2020-08-03,3294.610107421875,0.2428000068664551,0.1859572476693919
2020-08-04,3306.510009765625,0.23760000228881836,0.186509109796875
2020-08-05,3327.77001953125,0.22989999771118164,0.18758489871826864
2020-08-06,3349.159912109375,0.22649999618530273,0.18955077003220686
2020-08-07,3351.280029296875,0.22209999084472656,0.1923438653110787
2020-08-10,3360.469970703125,0.221299991607666,0.19483267484857889
2020-08-11,3333.68994140625,0.24030000686645508,0.2054576628569691
2020-08-12,3380.35009765625,0.22280000686645507,0.20097402239384007
2020-08-13,3373.429931640625,0.221299991607666,0.20703399701719122
2020-08-14,3372.85009765625,0.22049999237060547,0.21264325726125735
2020-08-17,3381.989990234375,0.21350000381469728,0.21286559122600016
2020-08-18,3389.780029296875,0.21510000228881837,0.21422005363061578
2020-08-19,3374.85009765625,0.22540000915527345,0.2144304054101524
2020-08-20,3385.510009765625,0.22719999313354491,0.21601976867831837
2020-08-21,3397.159912109375,0.22540000915527345,0.22215121178752245
2020-08-24,3431.280029296875,0.22370000839233398,0.22379269541778085
2020-08-25,3443.6201171875,0.22030000686645507,0.22949036173033538
2020-08-26,3478.72998046875,0.23270000457763673,0.22872377930346582
2020-08-27,3484.550048828125,0.24469999313354493,0.23017304546031583
2020-08-28,3508.010009765625,0.22959999084472657,0.2342593823060376
2020-08-31,3500.31005859375,0.2640999984741211,0.23493873984644134
2020-09-01,3526.64990234375,0.261200008392334,0.23465032188980847
2020-09-02,3580.840087890625,0.2656999969482422,0.22994275275835394
2020-09-03,3455.06005859375,0.33599998474121096,0.20485125478330385
2020-09-04,3426.9599609375,0.3075,0.20918906870484746
2020-09-08,3331.840087890625,0.31459999084472656,0.19171698857321623
2020-09-09,3398.9599609375,0.2880999946594238,0.18335787649474686
2020-09-10,3339.18994140625,0.29709999084472655,0.17557216546119536
2020-09-11,3340.969970703125,0.268700008392334,0.17568953113044894
2020-09-14,3383.5400390625,0.2585000038146973,0.18141954887397616
2020-09-15,3401.199951171875,0.2559000015258789,0.18100336560437202
2020-09-16,3385.489990234375,0.26040000915527345,0.208449903540699
2020-09-17,3357.010009765625,0.2645999908447266,0.21057587222273447
2020-09-18,3319.469970703125,0.25829999923706054,0.21101980636275758
2020-09-21,3281.06005859375,0.27780000686645506,0.21141779771542327
2020-09-22,3315.570068359375,0.2686000061035156,0.2154047943735082
2020-09-23,3236.919921875,0.28579999923706056,0.21092630065883525
2020-09-24,3246.590087890625,0.2851000022888184,0.21674844757484846
2020-09-25,3298.4599609375,0.26379999160766604,0.2131960040822109
2020-09-28,3351.60009765625,0.26190000534057617,0.21109106278146336
2020-09-29,3335.469970703125,0.2627000045776367,0.21037232521223337
2020-09-30,3363.0,0.263700008392334,0.21022686729749304
2020-10-01,3380.800048828125,0.2670000076293945,0.21282753219140998
2020-10-02,3348.419921875,0.276299991607666,0.21288045438790343
2020-10-05,3408.60009765625,0.2795999908447266,0.2096701867081872
2020-10-06,3360.969970703125,0.2947999954223633,0.20514170680386415
2020-10-07,3419.43994140625,0.2805999946594238,0.20402424565148713
2020-10-08,3446.830078125,0.2636000061035156,0.20322953145614783
2020-10-09,3477.139892578125,0.25,0.20326402165027913
2020-10-12,3534.219970703125,0.2506999969482422,0.1984822165433209
2020-10-13,3511.929931640625,0.2606999969482422,0.20243057667471454
2020-10-14,3488.669921875,0.26399999618530273,0.2012649183397972
2020-10-15,3483.340087890625,0.2696999931335449,0.2011033836427616
2020-10-16,3483.81005859375,0.2740999984741211,0.20184114317447632
2020-10-19,3426.919921875,0.2918000030517578,0.196550356198033
2020-10-20,3443.1201171875,0.29350000381469726,0.1964097928179118
2020-10-21,3435.56005859375,0.28649999618530275,0.19616207116014608
2020-10-22,3453.489990234375,0.2811000061035156,0.19691978364684232
2020-10-23,3465.389892578125,0.27549999237060546,0.19726344626685569
2020-10-26,3400.969970703125,0.32459999084472657,0.18707071518573748
2020-10-27,3390.679931640625,0.33349998474121095,0.1889589801162187
2020-10-28,3271.030029296875,0.40279998779296877,0.15017690677782594
2020-10-29,3310.110107421875,0.3759000015258789,0.14887435481865552
2020-10-30,3269.9599609375,0.3802000045776367,0.14337757856098707
2020-11-02,3310.239990234375,0.37130001068115237,0.14369804378988224
2020-11-03,3369.159912109375,0.3554999923706055,0.1375089521819197
2020-11-04,3443.43994140625,0.29569999694824217,0.12594681614191158
2020-11-05,3510.449951171875,0.27579999923706056,0.1167071411813524
2020-11-06,3509.43994140625,0.2486000061035156,0.11774952834069846
2020-11-09,3550.5,0.2575,0.11437300365646905
2020-11-10,3545.530029296875,0.24799999237060547,0.11410799785392996
2020-11-11,3572.659912109375,0.23450000762939452,0.11275574118192612
2020-11-12,3537.010009765625,0.2535000038146973,0.10956845275740602
2020-11-13,3585.14990234375,0.23100000381469726,0.10433770490894041
2020-11-16,3626.909912109375,0.22450000762939454,0.09968176798180638
2020-11-17,3609.530029296875,0.22709999084472657,0.0993563517213328
2020-11-18,3567.7900390625,0.2384000015258789,0.10338132457193719
2020-11-19,3581.8701171875,0.23110000610351558,0.1044837194687989
2020-11-20,3557.5400390625,0.23700000762939452,0.10228383597669047
2020-11-23,3577.590087890625,0.2265999984741211,0.1085139879770325
2020-11-24,3635.409912109375,0.2163999938964844,0.10072228361816866
2020-11-25,3629.64990234375,0.2125,0.10314290905413916
2020-11-27,3638.35009765625,0.2084000015258789,0.10315749715700627
2020-11-30,3621.6298828125,0.20569999694824218,0.1015569201970321
2020-12-01,3662.449951171875,0.2077000045776367,0.09858752993733784
2020-12-02,3669.010009765625,0.21170000076293946,0.10152278266300412
2020-12-03,3666.719970703125,0.2128000068664551,0.10352341331125595
2020-12-04,3699.1201171875,0.20790000915527343,0.10769434903784969
2020-12-07,3691.9599609375,0.21299999237060546,0.10729407241974302
2020-12-08,3702.25,0.2068000030517578,0.1079696200796799
2020-12-09,3672.820068359375,0.22270000457763672,0.10454845080078334
2020-12-10,3668.10009765625,0.22520000457763673,0.10459933066074162
2020-12-11,3663.4599609375,0.23309999465942383,0.13161454088749175
2020-12-14,3647.489990234375,0.24719999313354493,0.13314204063135285
2020-12-15,3694.6201171875,0.2288999938964844,0.14142500005119768
2020-12-16,3701.169921875,0.225,0.14857952541740022
2020-12-17,3722.47998046875,0.2193000030517578,0.15275886036163946
2020-12-18,3709.409912109375,0.21569999694824218,0.15217931121831677
2020-12-21,3694.919921875,0.25159999847412107,0.15395575814382886
2020-12-22,3687.260009765625,0.24229999542236327,0.15370294856766228
2020-12-23,3690.010009765625,0.23309999465942383,0.15452173269597244
2020-12-24,3703.06005859375,0.2153000068664551,0.15470246899230553
2020-12-28,3735.360107421875,0.21700000762939453,0.15343065239575576
2020-12-29,3727.0400390625,0.23079999923706054,0.1530177200602372
2020-12-30,3732.0400390625,0.22770000457763673,0.15326791058688025
2020-12-31,3756.070068359375,0.2275,0.1527611279666982
2021-01-04,3700.64990234375,0.2696999931335449,0.1448052352936455
2021-01-05,3726.860107421875,0.2534000015258789,0.14515504786773298
2021-01-06,3748.139892578125,0.2506999969482422,0.1449689527510667
2021-01-07,3803.7900390625,0.22370000839233398,0.14158245979041362
2021-01-08,3824.679931640625,0.21559999465942384,0.14085375607083572
2021-01-11,3799.610107421875,0.24079999923706055,0.14257078741449775
2021-01-12,3801.18994140625,0.23329999923706055,0.16110213389891506
2021-01-13,3809.840087890625,0.22209999084472656,0.16162223855454563
2021-01-14,3795.5400390625,0.2325,0.17487659211897336
2021-01-15,3768.25,0.2434000015258789,0.17525846595342043
2021-01-19,3798.909912109375,0.23239999771118164,0.17845510212246926
2021-01-20,3851.85009765625,0.21579999923706056,0.17786903601193602
2021-01-21,3853.070068359375,0.21319999694824218,0.18711610492370392
2021-01-22,3841.469970703125,0.2190999984741211,0.1875601156751517
2021-01-25,3855.360107421875,0.23190000534057617,0.1917874997828891
2021-01-26,3849.6201171875,0.23020000457763673,0.19245357047807204
2021-01-27,3750.77001953125,0.37209999084472656,0.1773056532487452
2021-01-28,3787.3798828125,0.30209999084472655,0.17564638673491628
2021-01-29,3714.239990234375,0.3309000015258789,0.16464699286872117
2021-02-01,3773.860107421875,0.30239999771118165,0.15971875398427796
2021-02-02,3826.31005859375,0.25559999465942385,0.1555666207976808
2021-02-03,3830.169921875,0.2290999984741211,0.16244795203631687
2021-02-04,3871.739990234375,0.21770000457763672,0.15964864752070843
2021-02-05,3886.830078125,0.208700008392334,0.16049957429203157
2021-02-08,3915.590087890625,0.21239999771118165,0.16078527369032825
2021-02-09,3911.22998046875,0.21629999160766603,0.16153478971633
2021-02-10,3909.8798828125,0.21989999771118163,0.16229331127278776
2021-02-11,3916.3798828125,0.2125,0.169163706843752
2021-02-12,3934.830078125,0.19969999313354492,0.1687291671946338
2021-02-16,3932.590087890625,0.21459999084472656,0.1690132367074008
2021-02-17,3931.330078125,0.215,0.16928882960891808
2021-02-18,3913.969970703125,0.22489999771118163,0.17179929487482742
2021-02-19,3906.7099609375,0.22049999237060547,0.1759100301228945
2021-02-22,3876.5,0.23450000762939452,0.1739163452083594
2021-02-23,3881.3701171875,0.23110000610351558,0.17391312576382492
2021-02-24,3925.429931640625,0.2134000015258789,0.17170552991536045
2021-02-25,3829.340087890625,0.2888999938964844,0.15345475077268683
2021-02-26,3811.14990234375,0.27950000762939453,0.15213975582385153
2021-03-01,3901.820068359375,0.23350000381469727,0.13875808457696273
2021-03-02,3870.2900390625,0.24100000381469727,0.1366896898908655
2021-03-03,3819.719970703125,0.2667000007629394,0.1310626039389551
2021-03-04,3768.469970703125,0.28569999694824216,0.12144590546808291
2021-03-05,3841.93994140625,0.2465999984741211,0.11435561431136948
2021-03-08,3821.35009765625,0.2546999931335449,0.11531724937385752
2021-03-09,3875.43994140625,0.24030000686645508,0.11197902603700802
2021-03-10,3898.81005859375,0.22559999465942382,0.11643385047930505
2021-03-11,3939.340087890625,0.2190999984741211,0.11677341156699539
2021-03-12,3943.340087890625,0.20690000534057618,0.11673961716066814
2021-03-15,3968.93994140625,0.20030000686645508,0.11612288856878471
2021-03-16,3962.7099609375,0.19790000915527345,0.11595995098152313
2021-03-17,3974.1201171875,0.19229999542236328,0.11680786803596717
2021-03-18,3915.4599609375,0.21579999923706056,0.10909421672139148
2021-03-19,3913.10009765625,0.20950000762939452,0.10878084725196997
2021-03-22,3940.590087890625,0.18879999160766603,0.11086441319102584
2021-03-23,3910.52001953125,0.20299999237060548,0.10722463245661401
2021-03-24,3889.139892578125,0.21200000762939453,0.10608858313938073
2021-03-25,3909.52001953125,0.19809999465942382,0.1067247505572226
2021-03-26,3974.5400390625,0.1886000061035156,0.10494117333054215
2021-03-29,3971.090087890625,0.20739999771118164,0.10902268028802048
2021-03-30,3958.550048828125,0.19610000610351558,0.12752753394898703
2021-03-31,3972.889892578125,0.19399999618530273,0.13142655086364488
2021-04-01,4019.8701171875,0.17329999923706055,0.13384190048303107
2021-04-05,4077.909912109375,0.17909999847412109,0.12833031090014277
2021-04-06,4073.93994140625,0.181200008392334,0.13103650846424808
2021-04-07,4079.949951171875,0.1715999984741211,0.13135900895412841
2021-04-08,4097.169921875,0.16950000762939454,0.13422281143313874
2021-04-09,4128.7998046875,0.16690000534057617,0.1325144100963331
2021-04-12,4127.990234375,0.1690999984741211,0.13541637955590305
2021-04-13,4141.58984375,0.16649999618530273,0.13537535825753727
2021-04-14,4124.66015625,0.16989999771118164,0.13476743392399795
2021-04-15,4170.419921875,0.1656999969482422,0.13109566660028235
2021-04-16,4185.47021484375,0.1625,0.13072132253583327
2021-04-19,4163.259765625,0.17290000915527343,0.12971117322577091
2021-04-20,4134.93994140625,0.1868000030517578,0.12796121963439266
2021-04-21,4173.419921875,0.175,0.12580224230250273
2021-04-22,4134.97998046875,0.18709999084472656,0.12494577058942896
2021-04-23,4180.169921875,0.17329999923706055,0.12126122747492998
2021-04-26,4187.6201171875,0.17639999389648436,0.1211879052140064
2021-04-27,4186.72021484375,0.17559999465942383,0.1213388028104925
2021-04-28,4183.18017578125,0.17280000686645508,0.1219448155295841
2021-04-29,4211.47021484375,0.17610000610351562,0.12057769500978638
2021-04-30,4181.169921875,0.1861000061035156,0.11851726478736437
2021-05-03,4192.66015625,0.18309999465942384,0.11856610480321056
2021-05-04,4164.66015625,0.1947999954223633,0.11794704832545447
2021-05-05,4167.58984375,0.19149999618530272,0.11797360864016397
2021-05-06,4201.6201171875,0.1838999938964844,0.12201556643166854
2021-05-07,4232.60009765625,0.16690000534057617,0.12695861234521924
2021-05-10,4188.43017578125,0.1965999984741211,0.12383620926772539
2021-05-11,4152.10009765625,0.2184000015258789,0.12086555293453481
2021-05-12,4063.0400390625,0.2759000015258789,0.10127093482228401
2021-05-13,4112.5,0.231299991607666,0.09646637764701961
2021-05-14,4173.85009765625,0.18809999465942384,0.08770281017511289
2021-05-17,4163.2900390625,0.19719999313354492,0.08711760153508842
2021-05-18,4127.830078125,0.2134000015258789,0.08225988953404938
2021-05-19,4115.68017578125,0.22180000305175782,0.08195908506949517
2021-05-20,4159.1201171875,0.20670000076293946,0.0795412923985434
2021-05-21,4155.85986328125,0.20149999618530273,0.07993269231523345
2021-05-24,4197.0498046875,0.18399999618530274,0.07613148486166955
2021-05-25,4188.1298828125,0.1884000015258789,0.08079653517353104
2021-05-26,4195.990234375,0.17360000610351561,0.08600242882482816
2021-05-27,4200.8798828125,0.16739999771118164,0.08621322281650821
2021-05-28,4204.10986328125,0.16760000228881836,0.0873872999989415
2021-06-01,4202.0400390625,0.17899999618530274,0.08722641462250592
2021-06-02,4208.1201171875,0.17479999542236327,0.08824017919953855
2021-06-03,4192.85009765625,0.18040000915527343,0.09080426385064859
2021-06-04,4229.89013671875,0.16420000076293945,0.10035776542493163
2021-06-07,4226.52001953125,0.16420000076293945,0.10908477519914847
2021-06-08,4227.259765625,0.1706999969482422,0.11117944901494808
2021-06-09,4219.5498046875,0.17889999389648437,0.11088189842537256
2021-06-10,4239.18017578125,0.16100000381469726,0.11347056454612565
2021-06-11,4247.43994140625,0.15649999618530272,0.11349791969172995
2021-06-14,4255.14990234375,0.16389999389648438,0.11483678437157985
2021-06-15,4246.58984375,0.17020000457763673,0.11452421095076977
2021-06-16,4223.7001953125,0.18149999618530274,0.11309347021813188
2021-06-17,4221.85986328125,0.1775,0.11474866021013386
2021-06-18,4166.4501953125,0.20700000762939452,0.10666608141269107
2021-06-21,4224.7900390625,0.17889999389648437,0.10217370957593437
2021-06-22,4246.43994140625,0.1665999984741211,0.10310913160517307
2021-06-23,4241.83984375,0.1631999969482422,0.10378018183996472
2021-06-24,4266.490234375,0.15970000267028808,0.10296172432108112
2021-06-25,4280.7001953125,0.15619999885559083,0.10297582719339513
2021-06-28,4290.60986328125,0.15760000228881835,0.10291857592642108
2021-06-29,4291.7998046875,0.16020000457763672,0.1028885043746497
2021-06-30,4297.5,0.15829999923706056,0.10325246046123639
2021-07-01,4319.93994140625,0.15479999542236328,0.10257614970679113
2021-07-02,4352.33984375,0.1506999969482422,0.10091671842702352
2021-07-06,4343.5400390625,0.16440000534057617,0.10325715332713761
2021-07-07,4358.1298828125,0.16200000762939454,0.10824116496868852
2021-07-08,4320.81982421875,0.19,0.10490200123013117
2021-07-09,4369.5498046875,0.16180000305175782,0.10254318452651841
2021-07-12,4384.6298828125,0.16170000076293944,0.10479877783305404
2021-07-13,4369.2099609375,0.17120000839233399,0.10404233866632387
2021-07-14,4374.2998046875,0.16329999923706054,0.10411202959535051
2021-07-15,4360.02978515625,0.17010000228881836,0.1052718745303355
2021-07-16,4327.16015625,0.18450000762939453,0.10459306071308029
2021-07-19,4258.490234375,0.225,0.09095227573100631
2021-07-20,4323.06005859375,0.1972999954223633,0.08262551049692944
2021-07-21,4358.68994140625,0.17909999847412109,0.08019237062541475
2021-07-22,4367.47998046875,0.17690000534057618,0.08029689054294682
2021-07-23,4411.7900390625,0.17200000762939452,0.07590539904515385
2021-07-26,4422.2998046875,0.17579999923706055,0.0767844181625069
2021-07-27,4401.4599609375,0.19360000610351558,0.07530355857491396
2021-07-28,4400.64013671875,0.18309999465942384,0.07690674237978162
2021-07-29,4419.14990234375,0.17700000762939452,0.07991670278037845
2021-07-30,4395.259765625,0.18239999771118165,0.07822739978906774
2021-08-02,4387.16015625,0.19459999084472657,0.0800735378584272
2021-08-03,4423.14990234375,0.18040000915527343,0.0803026065143892
2021-08-04,4402.66015625,0.17969999313354493,0.07909611862096463
2021-08-05,4429.10009765625,0.17280000686645508,0.08213833294833968
2021-08-06,4436.52001953125,0.16149999618530272,0.09579865086038582
2021-08-09,4432.35009765625,0.16719999313354492,0.09579539284887419
2021-08-10,4436.75,0.16790000915527345,0.10007416486526353
2021-08-11,4442.41015625,0.16170000076293944,0.10625153557476241
2021-08-12,4460.830078125,0.1559000015258789,0.1056378063377962
2021-08-13,4468.0,0.15449999809265136,0.10580869423425081
2021-08-16,4479.7099609375,0.16120000839233398,0.12076197442454047
2021-08-17,4448.080078125,0.17909999847412109,0.1195454222444686
2021-08-18,4400.27001953125,0.21569999694824218,0.12045579251498928
2021-08-19,4405.7998046875,0.21670000076293947,0.12540284300808385
2021-08-20,4441.669921875,0.18559999465942384,0.12795577708336686
2021-08-23,4479.52978515625,0.17149999618530273,0.1293642514633166
2021-08-24,4486.22998046875,0.17219999313354492,0.13001957035038308
2021-08-25,4496.18994140625,0.16790000915527345,0.13244748892874542
2021-08-26,4470.0,0.1884000015258789,0.13161499812793853
2021-08-27,4509.3701171875,0.16389999389648438,0.12974853559857244
2021-08-30,4528.7900390625,0.16190000534057616,0.12877112729983403
2021-08-31,4522.68017578125,0.1647999954223633,0.12938829055322493
2021-09-01,4524.08984375,0.16110000610351563,0.13961424997853386
2021-09-02,4536.9501953125,0.1640999984741211,0.14123391679572658
2021-09-03,4535.43017578125,0.1640999984741211,0.14167550063744735
2021-09-07,4520.02978515625,0.18139999389648442,0.14309804525727088
2021-09-08,4514.06982421875,0.17959999084472655,0.1434267654879297
2021-09-09,4493.27978515625,0.18799999237060547,0.1429178569472771
2021-09-10,4458.580078125,0.20950000762939452,0.14089705207137693
2021-09-13,4468.72998046875,0.19370000839233398,0.1413255658656876
2021-09-14,4443.0498046875,0.19459999084472657,0.140004761338344
2021-09-15,4480.7001953125,0.1818000030517578,0.13921642243193674
2021-09-16,4473.75,0.18690000534057616,0.14160241015292904
2021-09-17,4432.990234375,0.20809999465942383,0.1383713290689001
2021-09-20,4357.72998046875,0.25709999084472657,0.12690561219089
2021-09-21,4354.18994140625,0.2436000061035156,0.126737551835647
2021-09-22,4395.64013671875,0.208700008392334,0.1254923769702517
2021-09-23,4448.97998046875,0.18629999160766603,0.12200365405010266
2021-09-24,4455.47998046875,0.1775,0.12214353966348951
2021-09-27,4443.10986328125,0.18760000228881835,0.12141837162357906
2021-09-28,4352.6298828125,0.2325,0.10260132435838835
2021-09-29,4359.4599609375,0.22559999465942382,0.10719046586062828
2021-09-30,4307.5400390625,0.2313999938964844,0.09867261146091863
2021-10-01,4357.0400390625,0.21100000381469727,0.09609241140607794
2021-10-04,4300.4599609375,0.22959999084472657,0.08458198519113849
2021-10-05,4345.72021484375,0.21299999237060546,0.08151399673034689
2021-10-06,4363.5498046875,0.21,0.08276309559987531
2021-10-07,4399.759765625,0.19540000915527345,0.08094411165890002
2021-10-08,4391.33984375,0.18770000457763672,0.08072788737391964
2021-10-11,4361.18994140625,0.2,0.0777530932277267
2021-10-12,4350.64990234375,0.19850000381469726,0.07645666728271239
2021-10-13,4363.7998046875,0.1863999938964844,0.07644360372439123
2021-10-14,4438.259765625,0.16860000610351564,0.09596607644216781
2021-10-15,4471.3701171875,0.16299999237060547,0.10050139164870661
2021-10-18,4486.4599609375,0.16309999465942382,0.11646987249300189
2021-10-19,4519.6298828125,0.15699999809265136,0.12005150863372235
2021-10-20,4536.18994140625,0.15489999771118165,0.12648982585509078
2021-10-21,4549.77978515625,0.15010000228881837,0.1287205971487033
2021-10-22,4544.89990234375,0.15430000305175778,0.1330878093077858
2021-10-25,4566.47998046875,0.15239999771118165,0.1449215120046133
2021-10-26,4574.7900390625,0.15979999542236328,0.14503967915679547
2021-10-27,4551.68017578125,0.1697999954223633,0.14593659423982472
2021-10-28,4596.419921875,0.16530000686645507,0.14579094066284062
2021-10-29,4605.3798828125,0.16260000228881835,0.1485876352065757
2021-11-01,4613.669921875,0.1640999984741211,0.15029181017494359
2021-11-02,4630.64990234375,0.16030000686645507,0.1570916826852726
2021-11-03,4660.56982421875,0.15100000381469728,0.1583348928373903
2021-11-04,4680.06005859375,0.154399995803833,0.1606281911392477
2021-11-05,4697.52978515625,0.1647999954223633,0.16322254235061998
2021-11-08,4701.7001953125,0.17219999313354492,0.17182267711600507
2021-11-09,4685.25,0.17780000686645508,0.17419117046846383
2021-11-10,4646.7099609375,0.18729999542236328,0.17321493899608517
2021-11-11,4649.27001953125,0.17659999847412108,0.1773777036136589
2021-11-12,4682.85009765625,0.16290000915527345,0.17647980092132812
2021-11-15,4682.7998046875,0.16489999771118163,0.17647582862353833
2021-11-16,4700.89990234375,0.16370000839233398,0.17655334087676594
2021-11-17,4688.669921875,0.1711000061035156,0.17655717498877835
2021-11-18,4704.5400390625,0.1759000015258789,0.17718128753798715
2021-11-19,4697.9599609375,0.17909999847412109,0.17711810196469005
2021-11-22,4682.93994140625,0.19170000076293944,0.18635353157515802
2021-11-23,4690.7001953125,0.193799991607666,0.18632126323410816
2021-11-24,4701.4599609375,0.18579999923706056,0.18656268700004783
2021-11-26,4594.6201171875,0.286200008392334,0.17367395172152056
2021-11-29,4655.27001953125,0.22959999084472657,0.17153404743686954
2021-11-30,4567.0,0.2719000053405762,0.16128122157243516
2021-12-01,4513.0400390625,0.31120000839233397,0.16315519188518893
2021-12-02,4577.10009765625,0.27950000762939453,0.15840759020837009
2021-12-03,4538.43017578125,0.30670000076293946,0.1659500823355295
2021-12-06,4591.669921875,0.27180000305175783,0.16478435523642068
2021-12-07,4686.75,0.2188999938964844,0.15507596711547422
2021-12-08,4701.2099609375,0.19899999618530273,0.16254414106570486
2021-12-09,4667.4501953125,0.21579999923706056,0.16245719597253364
2021-12-10,4712.02001953125,0.18690000534057616,0.16142853003575192
2021-12-13,4668.97021484375,0.20309999465942383,0.1602456366064786
2021-12-14,4634.08984375,0.2188999938964844,0.15977525399817996
2021-12-15,4709.85009765625,0.19290000915527344,0.16901408009134036
2021-12-16,4668.669921875,0.20569999694824218,0.17800982656402844
2021-12-17,4620.64013671875,0.21569999694824218,0.177231957224366
2021-12-20,4568.02001953125,0.22870000839233398,0.17636595407025826
2021-12-21,4649.22998046875,0.21010000228881837,0.18248550793705381
2021-12-22,4696.56005859375,0.18629999160766603,0.18034261077262348
2021-12-23,4725.7900390625,0.17959999084472655,0.1789836868071065
2021-12-27,4791.18994140625,0.1768000030517578,0.17558418858971409
2021-12-28,4786.35009765625,0.17540000915527343,0.18186450725744277
2021-12-29,4793.06005859375,0.16950000762939454,0.1880561030551148
2021-12-30,4778.72998046875,0.17329999923706055,0.19446531559501853
2021-12-31,4766.18017578125,0.17219999313354492,0.19449836343105323
2022-01-03,4796.56005859375,0.16600000381469726,0.20002141228633125
2022-01-04,4793.5400390625,0.1690999984741211,0.20018165674370908
2022-01-05,4700.580078125,0.1972999954223633,0.2016098559914231
2022-01-06,4696.0498046875,0.19610000610351558,0.20204469089718993
2022-01-07,4677.02978515625,0.18760000228881835,0.20321941897289306
2022-01-10,4670.2900390625,0.19399999618530273,0.20826023712112648
2022-01-11,4713.06982421875,0.1840999984741211,0.21186715967640782
2022-01-12,4726.35009765625,0.176200008392334,0.2236529325271697
2022-01-13,4659.02978515625,0.20309999465942383,0.22081787310601592
2022-01-14,4662.85009765625,0.19190000534057616,0.2240300241597837
2022-01-18,4577.10986328125,0.22790000915527345,0.22687130216597975
2022-01-19,4532.759765625,0.23850000381469727,0.2258146679779397
2022-01-20,4482.72998046875,0.2559000015258789,0.22480984275882154
2022-01-21,4397.93994140625,0.28850000381469726,0.2343455823770832
2022-01-24,4410.1298828125,0.2989999961853027,0.23455094544173327
2022-01-25,4356.4501953125,0.3115999984741211,0.24517756697105844
2022-01-26,4349.93017578125,0.31959999084472657,0.24540061858708587
2022-01-27,4326.509765625,0.30489999771118165,0.24766355079794927
2022-01-28,4431.85009765625,0.2765999984741211,0.23660165843943973
2022-01-31,4515.5498046875,0.24829999923706056,0.23858321241098632
2022-02-01,4546.5400390625,0.21959999084472656,0.24742101035729666
2022-02-02,4589.3798828125,0.2209000015258789,0.248656823454638
2022-02-03,4477.43994140625,0.24350000381469727,0.2411401078842785
2022-02-04,4500.52978515625,0.23219999313354492,0.24062610484969524
2022-02-07,4483.8701171875,0.22860000610351558,0.24267405200626319
2022-02-08,4521.5400390625,0.21440000534057618,0.24404361264949845
2022-02-09,4587.18017578125,0.19959999084472657,0.24395347921273533
2022-02-10,4504.080078125,0.23909999847412108,0.23847880624023357
2022-02-11,4418.64013671875,0.2736000061035156,0.2319359626625395
2022-02-14,4401.669921875,0.28329999923706056,0.23357390731542757
2022-02-15,4471.06982421875,0.2570000076293945,0.23083458533617784
2022-02-16,4475.009765625,0.24290000915527343,0.23588080259848115
2022-02-17,4380.259765625,0.2811000061035156,0.22672833964016745
2022-02-18,4348.8701171875,0.2775,0.2261091489934742
2022-02-22,4304.759765625,0.2880999946594238,0.22733409896813936
2022-02-23,4225.5,0.31020000457763675,0.2218799045579871
2022-02-24,4288.7001953125,0.3031999969482422,0.21863255341723517
2022-02-25,4384.64990234375,0.2759000015258789,0.21004881453816054
2022-02-28,4373.93994140625,0.3014999961853027,0.21615239697697802
2022-03-01,4306.259765625,0.3331999969482422,0.21120045984330182
2022-03-02,4386.5400390625,0.30739999771118165,0.20685171194037302
2022-03-03,4363.490234375,0.3047999954223633,0.20948620668205256
2022-03-04,4328.8701171875,0.31979999542236326,0.20805318880212711
2022-03-07,4201.08984375,0.36450000762939455,0.19156456720737405
2022-03-08,4170.7001953125,0.35130001068115235,0.1897301158212612
2022-03-09,4277.8798828125,0.3245000076293945,0.1827948427797941
2022-03-10,4259.52001953125,0.3022999954223633,0.2008344969413652
2022-03-11,4204.31005859375,0.3075,0.19749232149336446
2022-03-14,4173.10986328125,0.3177000045776367,0.21386713258792525
2022-03-15,4262.4501953125,0.2982999992370605,0.2043972931355101
2022-03-16,4357.85986328125,0.2667000007629394,0.20672714405499545
2022-03-17,4411.669921875,0.2567000007629395,0.22832214763956896
2022-03-18,4463.1201171875,0.238700008392334,0.22584421018695133
2022-03-21,4461.18017578125,0.23530000686645508,0.22675096855451243
2022-03-22,4511.60986328125,0.22940000534057617,0.24175059450364578
2022-03-23,4456.240234375,0.23569999694824217,0.26026289515987755
2022-03-24,4520.16015625,0.21670000076293947,0.2555575795319989
2022-03-25,4543.06005859375,0.20809999465942383,0.2681211622424745
2022-03-28,4575.52001953125,0.196299991607666,0.2667294843530863
2022-03-29,4631.60009765625,0.18899999618530272,0.2641451516501816
2022-03-30,4602.4501953125,0.19329999923706054,0.26439963668828664
2022-03-31,4530.41015625,0.20559999465942383,0.27519530592336583
2022-04-01,4545.85986328125,0.196299991607666,0.27431095457550675
2022-04-04,4582.64013671875,0.18569999694824219,0.2810249825028241
2022-04-05,4525.1201171875,0.21030000686645509,0.300394585193827
2022-04-06,4481.14990234375,0.22100000381469725,0.3000412685309004
2022-04-07,4500.2099609375,0.21549999237060546,0.29922273733697763
2022-04-08,4488.27978515625,0.2115999984741211,0.30663082109927237
2022-04-11,4412.52978515625,0.243700008392334,0.3044425872040834
2022-04-12,4397.4501953125,0.24260000228881837,0.30682844267367115
2022-04-13,4446.58984375,0.2181999969482422,0.31131129905871474
2022-04-14,4392.58984375,0.22700000762939454,0.31994064709266695
2022-04-18,4391.68994140625,0.22170000076293944,0.32015895667318417
2022-04-19,4462.2099609375,0.213700008392334,0.31591209902028855
2022-04-20,4459.4501953125,0.2031999969482422,0.321737459383598
2022-04-21,4393.66015625,0.22680000305175782,0.3223258209768671
2022-04-22,4271.77978515625,0.2820999908447266,0.31310409527654787
2022-04-25,4296.1201171875,0.2702000045776367,0.31402061840250717
2022-04-26,4175.2001953125,0.3352000045776367,0.3046098274736383
2022-04-27,4183.9599609375,0.3160000038146973,0.3120486071280708
2022-04-28,4287.5,0.29989999771118164,0.3124962369743567
2022-04-29,4131.93017578125,0.3340000152587891,0.31500197634404464
2022-05-02,4155.3798828125,0.3234000015258789,0.3138716390168701
2022-05-03,4175.47998046875,0.2925,0.3173421013879626
2022-05-04,4300.169921875,0.25420000076293947,0.3131110496721709
2022-05-05,4146.8701171875,0.3120000076293945,0.29959027479371664
2022-05-06,4123.33984375,0.30190000534057615,0.31046320792885473
2022-05-09,3991.239990234375,0.3475,0.2975789958553886
2022-05-10,4001.050048828125,0.32990001678466796,0.2991854486911988
2022-05-11,3935.179931640625,0.32560001373291014,0.3094942120775596
2022-05-12,3930.080078125,0.3177000045776367,0.30958432940658276
2022-05-13,4023.889892578125,0.288700008392334,0.30635133379655943
2022-05-16,4008.010009765625,0.27469999313354493,0.30628995229992784
2022-05-17,4088.85009765625,0.2610000038146973,0.2999593475400727
2022-05-18,3923.679931640625,0.30959999084472656,0.2787381250182719
2022-05-19,3900.7900390625,0.29350000381469726,0.2784107721231552
2022-05-20,3901.360107421875,0.2943000030517578,0.2786666582385563
2022-05-23,3973.75,0.2847999954223633,0.2767703394025505
2022-05-24,3941.47998046875,0.29450000762939454,0.2758462635585526
2022-05-25,3978.72998046875,0.283700008392334,0.27610153821760086
2022-05-26,4057.840087890625,0.275,0.2698837578587604
2022-05-27,4158.240234375,0.2571999931335449,0.25799393673675636
2022-05-31,4132.14990234375,0.26190000534057617,0.2578036471391882
2022-06-01,4101.22998046875,0.25690000534057617,0.26502603018625226
2022-06-02,4176.81982421875,0.24719999313354493,0.25850297827047347
2022-06-03,4108.5400390625,0.24790000915527344,0.2693584706496294
2022-06-06,4121.43017578125,0.2506999969482422,0.2698792147299461
2022-06-07,4160.68017578125,0.2402000045776367,0.26999745303957534
2022-06-08,4115.77001953125,0.23959999084472655,0.26957816647770605
2022-06-09,4017.820068359375,0.2609000015258789,0.2608080132261798
2022-06-10,3900.860107421875,0.2775,0.24828967951521283
2022-06-13,3749.6298828125,0.3402000045776367,0.2289598764990125
2022-06-14,3735.47998046875,0.3268999862670898,0.22987489156002291
2022-06-15,3789.989990234375,0.29620000839233396,0.22971102749300923
2022-06-16,3666.77001953125,0.3295000076293945,0.2038956328200167
2022-06-17,3674.840087890625,0.311299991607666,0.20614290131202473
2022-06-21,3764.7900390625,0.30190000534057615,0.20005661709192343
2022-06-22,3759.889892578125,0.28950000762939454,0.19995772300745324
2022-06-23,3795.72998046875,0.2904999923706055,0.19956658165741634
2022-06-24,3911.739990234375,0.2722999954223633,0.18242521175609488
2022-06-27,3900.110107421875,0.2695000076293945,0.1827595338016326
2022-06-28,3821.550048828125,0.2836000061035156,0.17841650170582057
2022-06-29,3818.830078125,0.2815999984741211,0.17841529807520512
2022-06-30,3785.3798828125,0.28709999084472654,0.17907971637475167
2022-07-01,3825.330078125,0.2670000076293945,0.17804766839094902
2022-07-05,3831.389892578125,0.27540000915527346,0.1780170791267768
2022-07-06,3845.080078125,0.26729999542236327,0.18092998191166984
2022-07-07,3902.6201171875,0.26079999923706054,0.17773126242638868
2022-07-08,3899.3798828125,0.2463999938964844,0.1834681782124088
2022-07-11,3854.429931640625,0.2617000007629395,0.19235593128109116
2022-07-12,3818.800048828125,0.27290000915527346,0.18971244868744414
2022-07-13,3801.780029296875,0.2681999969482422,0.18852527150854334
2022-07-14,3790.3798828125,0.26399999618530273,0.19036878827054932
2022-07-15,3863.159912109375,0.24229999542236327,0.21363613935351206
2022-07-18,3830.85009765625,0.25299999237060544,0.21299458537828356
2022-07-19,3936.68994140625,0.245,0.20170340485981286
2022-07-20,3959.89990234375,0.23879999160766602,0.2023953455357684
2022-07-21,3998.949951171875,0.23110000610351558,0.20046571135975416
2022-07-22,3961.6298828125,0.23030000686645508,0.2010668724858052
2022-07-25,3966.840087890625,0.23360000610351558,0.20129815781034702
2022-07-26,3921.050048828125,0.24690000534057618,0.20547516582858352
2022-07-27,4023.610107421875,0.23239999771118164,0.19199709281761798
2022-07-28,4072.429931640625,0.22329999923706054,0.19390726430394198
2022-07-29,4130.2900390625,0.21329999923706056,0.19190494389987556
2022-08-01,4118.6298828125,0.22840000152587892,0.2304830706174032
2022-08-02,4091.18994140625,0.2393000030517578,0.23037694777064982
2022-08-03,4155.169921875,0.21950000762939453,0.22657076064821596
2022-08-04,4151.93994140625,0.21440000534057618,0.22701047357377602
2022-08-05,4145.18994140625,0.21149999618530274,0.22855256437483418
2022-08-08,4140.06005859375,0.21290000915527343,0.23011576158086094
2022-08-09,4122.47021484375,0.21770000457763672,0.23409638906084046
2022-08-10,4210.240234375,0.19739999771118164,0.22332811294306318
2022-08-11,4207.27001953125,0.20200000762939452,0.22653562699464164
2022-08-12,4280.14990234375,0.19530000686645507,0.21769916797223673
2022-08-15,4297.14013671875,0.19950000762939454,0.21616773623869118
2022-08-16,4305.2001953125,0.19690000534057617,0.2271089740500467
2022-08-17,4274.0400390625,0.19899999618530273,0.2320127285096175
2022-08-18,4283.740234375,0.19559999465942382,0.23254677445060734
2022-08-19,4228.47998046875,0.20600000381469727,0.248654744891436
2022-08-22,4137.990234375,0.23799999237060546,0.2627764153564891
2022-08-23,4128.72998046875,0.2411000061035156,0.26278214427537183
2022-08-24,4140.77001953125,0.2281999969482422,0.26302674802133796
2022-08-25,4199.1201171875,0.21780000686645506,0.26739612120119916
2022-08-26,4057.659912109375,0.25559999465942385,0.2525786436852558
2022-08-29,4030.610107421875,0.26209999084472657,0.2525646643418033
2022-08-30,3986.159912109375,0.26209999084472657,0.2516370861267743
2022-08-31,3955.0,0.258700008392334,0.26508864913365776
2022-09-01,3966.85009765625,0.25559999465942385,0.2716609716784986
2022-09-02,3924.260009765625,0.2546999931335449,0.2837333187846788
2022-09-06,3908.18994140625,0.2690999984741211,0.28634197002927214
2022-09-07,3979.8701171875,0.2463999938964844,0.28039351670008095
2022-09-08,4006.179931640625,0.2361000061035156,0.27947973680602234
2022-09-09,4067.360107421875,0.22790000915527345,0.2851263566203847
2022-09-12,4110.41015625,0.238700008392334,0.28566683234059803
2022-09-13,3932.68994140625,0.2727000045776367,0.2619289492974654
2022-09-14,3946.010009765625,0.2615999984741211,0.26236106340760157
2022-09-15,3901.35009765625,0.2627000045776367,0.2609860764770161
2022-09-16,3873.330078125,0.26299999237060545,0.27011663515762807
2022-09-19,3899.889892578125,0.25760000228881835,0.27026558295153574
2022-09-20,3855.929931640625,0.2715999984741211,0.26849302319651075
2022-09-21,3789.929931640625,0.2798999977111816,0.2739538070225243
2022-09-22,3757.989990234375,0.27350000381469725,0.27459239492236676
2022-09-23,3693.22998046875,0.29920000076293946,0.27252708513396195
2022-09-26,3655.0400390625,0.322599983215332,0.27161119373441794
2022-09-27,3647.2900390625,0.32599998474121095,0.2716716682672713
2022-09-28,3719.0400390625,0.3018000030517578,0.27385881792661115
2022-09-29,3640.469970703125,0.3184000015258789,0.3071539310515096
2022-09-30,3585.6201171875,0.316200008392334,0.30286729279870594
2022-10-03,3678.429931640625,0.30100000381469727,0.2975919391995811
2022-10-04,3790.929931640625,0.29069999694824217,0.2865369361392689
2022-10-05,3783.280029296875,0.28549999237060547,0.2878204331802145
2022-10-06,3744.52001953125,0.30520000457763674,0.2860035002323519
2022-10-07,3639.659912109375,0.31360000610351557,0.2713963996654503
2022-10-10,3612.389892578125,0.3245000076293945,0.27039246197094974
2022-10-11,3588.840087890625,0.33630001068115234,0.2704970602068748
2022-10-12,3577.030029296875,0.3356999969482422,0.26975829064504137
2022-10-13,3669.909912109375,0.31940000534057617,0.2620029493618636
2022-10-14,3583.070068359375,0.3202000045776367,0.25553335269166527
2022-10-17,3677.949951171875,0.313700008392334,0.24654359628606093
2022-10-18,3719.97998046875,0.305,0.25848903076923524
2022-10-19,3695.159912109375,0.30760000228881834,0.25712246320756077
2022-10-20,3665.780029296875,0.2997999954223633,0.2552862236131043
2022-10-21,3752.75,0.29690000534057615,0.25544603976710145
2022-10-24,3797.340087890625,0.29850000381469727,0.2581394169817327
2022-10-25,3859.110107421875,0.28459999084472654,0.25435750743509544
2022-10-26,3830.60009765625,0.27280000686645506,0.25392460299139497
2022-10-27,3807.300048828125,0.2738999938964844,0.2542672315430854
2022-10-28,3901.06005859375,0.2575,0.24782830636667932
2022-10-31,3871.97998046875,0.25879999160766604,0.24725300540869544
2022-11-01,3856.10009765625,0.25809999465942385,0.24768728076526247
2022-11-02,3759.68994140625,0.2586000061035156,0.24761080211017367
2022-11-03,3719.889892578125,0.25299999237060544,0.24784750092127286
2022-11-04,3770.550048828125,0.24549999237060546,0.24669787569457158
2022-11-07,3806.800048828125,0.24350000381469727,0.24518146114156622
2022-11-08,3828.110107421875,0.25540000915527344,0.2483764341286763
2022-11-09,3748.570068359375,0.2609000015258789,0.24421420411558575
2022-11-10,3956.3701171875,0.23530000686645508,0.1857869569424337
2022-11-11,3992.929931640625,0.22520000457763673,0.18345060026765564
2022-11-14,3957.25,0.23729999542236327,0.18478768942585136
2022-11-15,3991.72998046875,0.24540000915527344,0.19052505268005643
2022-11-16,3958.7900390625,0.2411000061035156,0.18939564993632826
2022-11-17,3946.56005859375,0.2393000030517578,0.18950119278864827
2022-11-18,3965.340087890625,0.23120000839233398,0.19040295572396937
2022-11-21,3949.93994140625,0.2236000061035156,0.19278500187778622
2022-11-22,4003.580078125,0.21290000915527343,0.20046382594543238
2022-11-23,4027.260009765625,0.20350000381469727,0.19942344272930887
2022-11-25,4026.1201171875,0.205,0.20079140845568355
2022-11-28,3963.93994140625,0.22209999084472656,0.1995935720485053
2022-11-29,3957.6298828125,0.2188999938964844,0.19976284557888319
2022-11-30,4080.110107421875,0.20579999923706055,0.17851241789176955
2022-12-01,4076.570068359375,0.19840000152587892,0.178555626039328
2022-12-02,4071.699951171875,0.19059999465942382,0.1837622413968708
2022-12-05,3998.840087890625,0.2075,0.17784836029000906
2022-12-06,3941.260009765625,0.22170000076293944,0.18171918995356554
2022-12-07,3933.919921875,0.22680000305175782,0.184626649633024
2022-12-08,3963.510009765625,0.22290000915527344,0.18353910458081094
2022-12-09,3934.3798828125,0.22829999923706054,0.182052782688385
2022-12-12,3990.56005859375,0.25,0.18020367861742995
2022-12-13,4019.64990234375,0.22549999237060547,0.17919342576472422
2022-12-14,3995.320068359375,0.21139999389648442,0.18250332530523808
2022-12-15,3895.75,0.22829999923706054,0.17035724162240695
2022-12-16,3852.360107421875,0.22620000839233398,0.1678336991882256
2022-12-19,3817.659912109375,0.22420000076293944,0.16801170052904862
2022-12-20,3821.6201171875,0.21479999542236328,0.1724032995203621
2022-12-21,3878.43994140625,0.2006999969482422,0.1702717813474331
2022-12-22,3822.389892578125,0.21969999313354494,0.16562943998827964
2022-12-23,3844.820068359375,0.208700008392334,0.17021621971910703
2022-12-27,3829.25,0.21649999618530275,0.17233256344197959
2022-12-28,3783.219970703125,0.2213999938964844,0.1669799788499352
2022-12-29,3849.280029296875,0.21440000534057618,0.16328616026172613
2022-12-30,3839.5,0.21670000076293947,0.16282111776293642
2023-01-03,3824.139892578125,0.22899999618530273,0.16165462170572195
2023-01-04,3852.969970703125,0.22010000228881835,0.16790193572198503
2023-01-05,3808.10009765625,0.22459999084472657,0.16350070364478542
2023-01-06,3895.080078125,0.21129999160766602,0.1644270455862431
2023-01-09,3892.090087890625,0.21969999313354494,0.1645132330908686
2023-01-10,3919.25,0.20579999923706055,0.16405166382570954
2023-01-11,3969.610107421875,0.2109000015258789,0.16319052570231846
2023-01-12,3983.169921875,0.18829999923706053,0.1631315240192345
2023-01-13,3999.090087890625,0.18350000381469728,0.16290704697309188
2023-01-17,3990.969970703125,0.19360000610351558,0.16335316520713375
2023-01-18,3928.860107421875,0.2034000015258789,0.158177123365881
2023-01-19,3898.85009765625,0.2052000045776367,0.16246309536093684
2023-01-20,3972.610107421875,0.19850000381469726,0.15374735467804032
2023-01-23,4019.81005859375,0.19809999465942382,0.1567875303023314
2023-01-24,4016.949951171875,0.19200000762939454,0.15685749604382324
2023-01-25,4016.219970703125,0.19079999923706054,0.16569670878316253
2023-01-26,4060.429931640625,0.18729999542236328,0.16645816421024592
2023-01-27,4070.56005859375,0.18510000228881837,0.16599138546567846
2023-01-30,4017.77001953125,0.19940000534057617,0.1704879631361753
2023-01-31,4076.60009765625,0.19399999618530273,0.16496158904680458
2023-02-01,4119.2099609375,0.178700008392334,0.1705304682103504
2023-02-02,4179.759765625,0.18729999542236328,0.165894851241244
2023-02-03,4136.47998046875,0.18329999923706056,0.16698340272562795
2023-02-06,4111.080078125,0.19430000305175782,0.17146204172669843
2023-02-07,4164.0,0.1865999984741211,0.17224368281298785
2023-02-08,4117.85986328125,0.196299991607666,0.17049074483670162
2023-02-09,4081.5,0.20709999084472655,0.17014616753997655
2023-02-10,4090.4599609375,0.20530000686645508,0.17006668015983104
2023-02-13,4137.2900390625,0.2034000015258789,0.16601014115558088
2023-02-14,4136.1298828125,0.1890999984741211,0.17198015616362372
2023-02-15,4147.60009765625,0.18229999542236328,0.17272901378085162
2023-02-16,4090.409912109375,0.20170000076293945,0.1734952490296736
2023-02-17,4079.090087890625,0.20020000457763673,0.17355965821668018
2023-02-21,3997.340087890625,0.22870000839233398,0.16340842081830176
2023-02-22,3991.050048828125,0.22290000915527344,0.16354887181969338
2023-02-23,4012.320068359375,0.21139999389648442,0.1632102600717234
2023-02-24,3970.0400390625,0.21670000076293947,0.15962075843057583
2023-02-27,3982.239990234375,0.20950000762939452,0.15955004468610526
2023-02-28,3970.14990234375,0.20700000762939452,0.15982716179987938
2023-03-01,3951.389892578125,0.20579999923706055,0.16263996967373118
2023-03-02,3981.35009765625,0.19590000152587891,0.16197153564506905
2023-03-03,4045.639892578125,0.18489999771118165,0.15600166583109143
2023-03-06,4048.419921875,0.1861000061035156,0.15600081034635538
2023-03-07,3986.3701171875,0.19590000152587891,0.14820235303225074
2023-03-08,3992.010009765625,0.1911000061035156,0.14972392470932966
2023-03-09,3918.320068359375,0.22610000610351558,0.13752538127751715
2023-03-10,3861.590087890625,0.24799999237060547,0.12854654001775415
2023-03-13,3855.760009765625,0.2652000045776367,0.13866161249439918
2023-03-14,3919.2900390625,0.23729999542236327,0.13249179360000066
2023-03-15,3891.929931640625,0.2613999938964844,0.1402311720797344
2023-03-16,3960.280029296875,0.22989999771118164,0.13385283537871367
2023-03-17,3916.639892578125,0.25510000228881835,0.12844809830398746
2023-03-20,3951.570068359375,0.24149999618530274,0.13270810659480411
2023-03-21,4002.8701171875,0.21379999160766602,0.13023005026041667
2023-03-22,3936.969970703125,0.22260000228881835,0.12197677728030834
2023-03-23,3948.719970703125,0.22610000610351558,0.13179260516766253
2023-03-24,3970.989990234375,0.21739999771118165,0.1312535317126028
2023-03-27,3977.530029296875,0.20600000381469727,0.1323808412276002
2023-03-28,3971.27001953125,0.19969999313354492,0.13245318986357002
2023-03-29,4027.81005859375,0.19120000839233398,0.12702797884668715
2023-03-30,4050.830078125,0.19020000457763672,0.12635933500782948
2023-03-31,4109.31005859375,0.18700000762939453,0.11974093248654134
2023-04-03,4124.509765625,0.18549999237060547,0.12076385102985883
2023-04-04,4100.60009765625,0.19,0.12430028161224671
2023-04-05,4090.3798828125,0.19079999923706054,0.1265950817280792
2023-04-06,4105.02001953125,0.18399999618530274,0.12649839061124482
2023-04-10,4109.10986328125,0.1896999931335449,0.12650470463240304
2023-04-11,4108.93994140625,0.19100000381469726,0.13116632297203817
2023-04-12,4091.949951171875,0.1909000015258789,0.1324302842034957
2023-04-13,4146.22021484375,0.17799999237060546,0.12922411632456088
2023-04-14,4137.64013671875,0.1706999969482422,0.13433560920379525
2023-04-17,4151.31982421875,0.16950000762939454,0.134086503176359
2023-04-18,4154.8701171875,0.16829999923706054,0.13541579139559504
2023-04-19,4154.52001953125,0.16459999084472657,0.13824014002891186
2023-04-20,4129.7900390625,0.17170000076293945,0.14248416155798777
2023-04-21,4133.52001953125,0.16770000457763673,0.14278754752217593
2023-04-24,4137.0400390625,0.16889999389648438,0.1428298758651421
2023-04-25,4071.6298828125,0.18760000228881835,0.13428580544317043
2023-04-26,4055.989990234375,0.1884000015258789,0.13391396352006119
2023-04-27,4135.35009765625,0.17030000686645508,0.12323724015139406
2023-04-28,4169.47998046875,0.15779999732971192,0.12379124767030152
2023-05-01,4167.8701171875,0.16079999923706054,0.12471551784418049
2023-05-02,4119.580078125,0.17780000686645508,0.11829622269970116
2023-05-03,4090.75,0.1834000015258789,0.11862628000543382
2023-05-04,4061.219970703125,0.20090000152587892,0.11647877647635999
2023-05-05,4136.25,0.17190000534057617,0.10861010058849406
2023-05-08,4138.1201171875,0.1697999954223633,0.1105499168764963
2023-05-09,4119.169921875,0.17709999084472655,0.10899671872053898
2023-05-10,4137.64013671875,0.16940000534057617,0.11230660890118224
2023-05-11,4130.6201171875,0.16930000305175782,0.11332124606966579
2023-05-12,4124.080078125,0.17030000686645508,0.11638858976098271
2023-05-15,4136.27978515625,0.17120000839233399,0.1165464947323256
2023-05-16,4109.89990234375,0.17989999771118165,0.11406397533327522
2023-05-17,4158.77001953125,0.16870000839233398,0.114341320598491
2023-05-18,4198.0498046875,0.16049999237060547,0.11234505680022246
2023-05-19,4191.97998046875,0.16809999465942382,0.11249410531429319
2023-05-22,4192.6298828125,0.17209999084472657,0.11602876940349571
2023-05-23,4145.580078125,0.1853000068664551,0.11026677363352695
2023-05-24,4115.240234375,0.20030000686645508,0.1066654771618113
2023-05-25,4151.27978515625,0.1913999938964844,0.10577374263824126
2023-05-26,4205.4501953125,0.17950000762939453,0.10202499114712502
2023-05-30,4205.52001953125,0.17459999084472655,0.10347413567248297
2023-05-31,4179.830078125,0.17940000534057618,0.10087415245898924
2023-06-01,4221.02001953125,0.15649999618530272,0.09857624798805784
2023-06-02,4282.3701171875,0.14600000381469727,0.09285969038014143
2023-06-05,4273.7900390625,0.14729999542236327,0.09205843411727027
2023-06-06,4283.85009765625,0.13960000038146972,0.09566355272521157
2023-06-07,4267.52001953125,0.139399995803833,0.09425506383637426
2023-06-08,4293.93017578125,0.13649999618530273,0.09364098364191022
2023-06-09,4298.85986328125,0.13829999923706057,0.09363890534536412
2023-06-12,4338.93017578125,0.15010000228881837,0.09124624883593335
2023-06-13,4369.009765625,0.14609999656677247,0.09282436590149044
2023-06-14,4372.58984375,0.13880000114440919,0.09606857611861566
2023-06-15,4425.83984375,0.145,0.0907219505846939
2023-06-16,4409.58984375,0.13539999961853028,0.09029571219406399
2023-06-20,4388.7099609375,0.13880000114440919,0.09909005692806032
2023-06-21,4365.68994140625,0.13199999809265137,0.0979233973898162
2023-06-22,4381.89013671875,0.1290999984741211,0.09925782517804081
2023-06-23,4348.330078125,0.134399995803833,0.0987403262283987
2023-06-26,4328.81982421875,0.1425,0.09860621933948141
2023-06-27,4378.41015625,0.13739999771118164,0.09666321971588929
2023-06-28,4376.85986328125,0.1343000030517578,0.09662325851588455
2023-06-29,4396.43994140625,0.13539999961853028,0.0960764011770371
2023-06-30,4450.3798828125,0.13590000152587892,0.09093534340975055
2023-07-03,4455.58984375,0.1356999969482422,0.09720139946196965
2023-07-05,4446.81982421875,0.1418000030517578,0.09945902794714861
2023-07-06,4411.58984375,0.154399995803833,0.09931991603399253
2023-07-07,4398.9501953125,0.14829999923706055,0.09902401717533758
2023-07-10,4409.52978515625,0.1506999969482422,0.10087362049695212
2023-07-11,4439.259765625,0.1484000015258789,0.09905556199670704
2023-07-12,4472.16015625,0.13539999961853028,0.10201649288684358
2023-07-13,4510.0400390625,0.13609999656677246,0.1055514894336231
2023-07-14,4505.419921875,0.13340000152587891,0.10788374363890393
2023-07-17,4522.7900390625,0.1347999954223633,0.10898878127468815
2023-07-18,4554.97998046875,0.13300000190734862,0.11538436016310992
2023-07-19,4565.72021484375,0.13760000228881836,0.11577008558563856
2023-07-20,4534.8701171875,0.13989999771118164,0.11424238123645625
2023-07-21,4536.33984375,0.1360000038146973,0.11438091724781778
2023-07-24,4554.64013671875,0.1390999984741211,0.1142557127864649
2023-07-25,4567.4599609375,0.13859999656677247,0.11537157465978452
2023-07-26,4566.75,0.13189999580383302,0.11557479608698365
2023-07-27,4537.41015625,0.14409999847412108,0.114512762775394
2023-07-28,4582.22998046875,0.13329999923706057,0.11237773883828824
2023-07-31,4588.9599609375,0.13630000114440918,0.11310046608957627
2023-08-01,4576.72998046875,0.1393000030517578,0.1131475871881964
2023-08-02,4513.39013671875,0.1609000015258789,0.10906542681736557
2023-08-03,4501.89013671875,0.15920000076293944,0.11446334073042815
2023-08-04,4478.02978515625,0.17100000381469727,0.11353724498305764
2023-08-07,4518.43994140625,0.15770000457763672,0.11026501870182354
2023-08-08,4499.3798828125,0.15989999771118163,0.11277975339368962
2023-08-09,4467.7099609375,0.15960000038146974,0.12048334596816387
2023-08-10,4468.830078125,0.15850000381469728,0.12047188898423614
2023-08-11,4464.0498046875,0.1484000015258789,0.1213913196230245
2023-08-14,4489.72021484375,0.1481999969482422,0.12609223609313092
2023-08-15,4437.85986328125,0.16459999084472657,0.1225757727498215
2023-08-16,4404.330078125,0.16780000686645508,0.12273946153864616
2023-08-17,4370.35986328125,0.17889999389648437,0.12112273892266981
2023-08-18,4369.7099609375,0.17299999237060548,0.12113247953307879
2023-08-21,4399.77001953125,0.171299991607666,0.12481874074186508
2023-08-22,4387.5498046875,0.16969999313354492,0.12764635627941134
2023-08-23,4436.009765625,0.15979999542236328,0.122525186994386
2023-08-24,4376.31005859375,0.17200000762939452,0.12259739761595585
2023-08-25,4405.7099609375,0.15680000305175779,0.12239259014842016
2023-08-28,4433.31005859375,0.15079999923706056,0.12192389302030757
2023-08-29,4497.6298828125,0.14449999809265138,0.11442116846710441
2023-08-30,4514.8701171875,0.13880000114440919,0.11453245600587633
2023-08-31,4507.66015625,0.1356999969482422,0.1150560395706791
2023-09-01,4515.77001953125,0.1309000015258789,0.11982904377961452
2023-09-05,4496.830078125,0.14010000228881836,0.11948535700227321
2023-09-06,4465.47998046875,0.14449999809265138,0.12375694747475781
2023-09-07,4451.14013671875,0.1439999961853027,0.1254702982862375
2023-09-08,4457.490234375,0.13840000152587892,0.1293740167227684
2023-09-11,4487.4599609375,0.13800000190734862,0.1268484901975615
2023-09-12,4461.89990234375,0.14229999542236327,0.12915180163619955
2023-09-13,4467.43994140625,0.1347999954223633,0.13401968876015208
2023-09-14,4505.10009765625,0.12819999694824222,0.13303306602476642
2023-09-15,4450.31982421875,0.13789999961853028,0.1301871490934914
2023-09-18,4453.52978515625,0.14,0.13657072668051684
2023-09-19,4443.9501953125,0.14109999656677247,0.138865375597684
2023-09-20,4402.2001953125,0.15140000343322754,0.1414619927565742
2023-09-21,4330.0,0.17540000915527343,0.14520759209069434
2023-09-22,4320.06005859375,0.17200000762939452,0.14757632020812633
2023-09-25,4337.43994140625,0.16899999618530273,0.14722578552604304
2023-09-26,4273.52978515625,0.18940000534057616,0.1402599392656392
2023-09-27,4274.509765625,0.18219999313354493,0.14025014130805247
2023-09-28,4299.7001953125,0.1734000015258789,0.14173430888810346
2023-09-29,4288.0498046875,0.1752000045776367,0.1479827390144886
2023-10-02,4288.39013671875,0.17610000610351562,0.1480546277683536
2023-10-03,4229.4501953125,0.19780000686645507,0.15003677005730065
2023-10-04,4263.75,0.18579999923706056,0.14894063152323217
2023-10-05,4258.18994140625,0.18489999771118165,0.14866120478202868
2023-10-06,4308.5,0.17450000762939452,0.14570448328934887
2023-10-09,4335.66015625,0.17700000762939452,0.14604209243433705
2023-10-10,4358.240234375,0.17030000686645508,0.14599192604407255
2023-10-11,4376.9501953125,0.1609000015258789,0.14595311300351774
2023-10-12,4349.60986328125,0.16690000534057617,0.1441896134287372
2023-10-13,4327.77978515625,0.1931999969482422,0.1432384960800102
2023-10-16,4373.6298828125,0.17209999084472657,0.1407545627233579
2023-10-17,4373.2001953125,0.17879999160766602,0.14085205698236353
2023-10-18,4314.60009765625,0.1921999931335449,0.1337824203161911
2023-10-19,4278.0,0.21399999618530274,0.13050044594495785
2023-10-20,4224.16015625,0.21709999084472656,0.12480911455576886
2023-10-23,4217.0400390625,0.203700008392334,0.12451547150974968
2023-10-24,4247.68017578125,0.1896999931335449,0.12514438172736336
2023-10-25,4186.77001953125,0.20190000534057617,0.11559025476358785
2023-10-26,4137.22998046875,0.2068000030517578,0.10657468962554575
2023-10-27,4117.3701171875,0.21270000457763671,0.10357247325334563
2023-10-30,4166.81982421875,0.1975,0.10074091951528712
2023-10-31,4193.7998046875,0.18139999389648442,0.10451600792202699
2023-11-01,4237.85986328125,0.16870000839233398,0.10266332876182804
2023-11-02,4317.77978515625,0.1565999984741211,0.0925994817493953
2023-11-03,4358.33984375,0.1490999984741211,0.09074393822182372
2023-11-06,4365.97998046875,0.14890000343322754,0.09110811849709233
2023-11-07,4378.3798828125,0.14810000419616698,0.10460770779909925
2023-11-08,4382.77978515625,0.14449999809265138,0.10697786310598348
2023-11-09,4347.35009765625,0.15289999961853026,0.10205996359646233
2023-11-10,4415.240234375,0.14170000076293943,0.09504029745727526
2023-11-13,4411.5498046875,0.14760000228881837,0.09455215091750017
2023-11-14,4495.7001953125,0.14159999847412108,0.08126365640763679
2023-11-15,4502.8798828125,0.1418000030517578,0.08249015708984796
2023-11-16,4508.240234375,0.1431999969482422,0.08536851321734325
2023-11-17,4514.02001953125,0.13800000190734862,0.08991883700458458
2023-11-20,4547.3798828125,0.1340999984741211,0.08911759144565964
2023-11-21,4538.18994140625,0.1335000038146973,0.08867250075981684
2023-11-22,4556.6201171875,0.12850000381469728,0.09591434360834761
2023-11-24,4559.33984375,0.12460000038146973,0.09626852513865305
2023-11-27,4550.43017578125,0.12689999580383302,0.09648046999015572
2023-11-28,4554.89013671875,0.12689999580383302,0.09670072697383957
2023-11-29,4550.580078125,0.12979999542236328,0.09643558134214342
2023-11-30,4567.7998046875,0.12920000076293944,0.0974605864899166
2023-12-01,4594.6298828125,0.12630000114440917,0.09859345114799153
2023-12-04,4569.77978515625,0.13079999923706057,0.09909559016284408
2023-12-05,4567.18017578125,0.12850000381469728,0.10361449140765935
2023-12-06,4549.33984375,0.12970000267028808,0.1021211159745481
2023-12-07,4585.58984375,0.130600004196167,0.10066955861621531
2023-12-08,4604.3701171875,0.12350000381469728,0.10051815083385318
2023-12-11,4622.43994140625,0.12630000114440917,0.10082803894430623
2023-12-12,4643.7001953125,0.12069999694824221,0.10075947295400675
2023-12-13,4707.08984375,0.12189999580383301,0.09601174106412318
2023-12-14,4719.5498046875,0.12479999542236328,0.09614462776914345
2023-12-15,4719.18994140625,0.12279999732971192,0.10889379143465568
2023-12-18,4740.56005859375,0.125600004196167,0.11349467563577395
2023-12-19,4768.3701171875,0.12529999732971192,0.11603251533543556
2023-12-20,4698.35009765625,0.13670000076293942,0.10652939233217276
2023-12-21,4746.75,0.13649999618530273,0.10342691436845972
2023-12-22,4754.6298828125,0.13029999732971193,0.10527998313744535
2023-12-26,4774.75,0.12989999771118163,0.10503457779987746
2023-12-27,4781.580078125,0.1243000030517578,0.10573725592899244
2023-12-28,4783.35009765625,0.12470000267028808,0.10594671409386737
2023-12-29,4769.830078125,0.12449999809265137,0.11435068125512182
2024-01-02,4742.830078125,0.13199999809265137,0.11483283158644918
2024-01-03,4704.81005859375,0.14039999961853028,0.11151717189465227
2024-01-04,4688.68017578125,0.1413000011444092,0.11219591781467073
2024-01-05,4697.240234375,0.1335000038146973,0.1146898711416724
2024-01-08,4763.5400390625,0.13079999923706057,0.10880559480710553
2024-01-09,4756.5,0.12760000228881835,0.1220264056300678
2024-01-10,4783.4501953125,0.12689999580383302,0.12170584341345486
2024-01-11,4780.240234375,0.12439999580383301,0.12264824058401017
2024-01-12,4783.830078125,0.12699999809265136,0.1225977502987902
2024-01-16,4765.97998046875,0.13840000152587892,0.12189972050163972
2024-01-17,4739.2099609375,0.1478999996185303,0.11999083676539891
2024-01-18,4780.93994140625,0.1413000011444092,0.119648846979129
2024-01-19,4839.81005859375,0.13300000190734862,0.11633378416367886
2024-01-22,4850.43017578125,0.13189999580383302,0.12157310427539489
2024-01-23,4864.60009765625,0.12550000190734864,0.12196012840296937
2024-01-24,4868.5498046875,0.13140000343322755,0.1244685508246863
2024-01-25,4894.16015625,0.13449999809265137,0.12641020547343396
2024-01-26,4890.97021484375,0.13260000228881835,0.12648810283623851
2024-01-29,4927.93017578125,0.1360000038146973,0.12839921805534538
2024-01-30,4924.97021484375,0.133100004196167,0.12865677796732045
2024-01-31,4845.64990234375,0.1435000038146973,0.11795328430271645
2024-02-01,4906.18994140625,0.13880000114440919,0.11621507783855088
2024-02-02,4958.60986328125,0.1385000038146973,0.11388274926585969
2024-02-05,4942.81005859375,0.13670000076293942,0.1137582554139707
2024-02-06,4954.22998046875,0.130600004196167,0.11570707884843295
2024-02-07,4995.06005859375,0.12829999923706056,0.11419061002667961
2024-02-08,4997.91015625,0.12789999961853027,0.1144889325807236
2024-02-09,5026.60986328125,0.1293000030517578,0.11452901123430302
2024-02-12,5021.83984375,0.1393000030517578,0.11496327761019154
2024-02-13,4953.169921875,0.15850000381469728,0.10772908367605608
2024-02-14,5000.6201171875,0.1438000011444092,0.10530139905724212
2024-02-15,5029.72998046875,0.14010000228881836,0.10505919104830659
2024-02-16,5005.56982421875,0.14239999771118164,0.10654612204246565
2024-02-20,4975.509765625,0.15420000076293944,0.10426325552721709
2024-02-21,4981.7998046875,0.1534000015258789,0.11184083330729148
2024-02-22,5087.02978515625,0.14539999961853028,0.09964340178608057
2024-02-23,5088.7998046875,0.1375,0.09969136505175238
2024-02-26,5069.52978515625,0.13739999771118164,0.09877488635630054
2024-02-27,5078.18017578125,0.1343000030517578,0.10323150185796093
2024-02-28,5069.759765625,0.13840000152587892,0.10489190648901457
2024-02-29,5096.27001953125,0.13399999618530273,0.11317427005549206
2024-03-01,5137.080078125,0.13109999656677246,0.11606777543335695
2024-03-04,5130.9501953125,0.13489999771118164,0.11614025012497818
2024-03-05,5078.64990234375,0.14460000038146972,0.11359138112760342
2024-03-06,5104.759765625,0.145,0.11248936246515912
2024-03-07,5157.35986328125,0.144399995803833,0.11001698127752911
2024-03-08,5123.68994140625,0.14739999771118165,0.11248131882468701
2024-03-11,5117.93994140625,0.15220000267028808,0.11827732770272466
2024-03-12,5175.27001953125,0.13840000152587892,0.11321733725056471
2024-03-13,5165.31005859375,0.1375,0.11373442393340025
2024-03-14,5150.47998046875,0.1439999961853027,0.11782968242651053
2024-03-15,5117.08984375,0.14409999847412108,0.11675566713937113
2024-03-18,5149.419921875,0.14329999923706058,0.1238034400518197
2024-03-19,5178.509765625,0.1381999969482422,0.1225283182652355
2024-03-20,5224.6201171875,0.13039999961853027,0.12268614340109814
2024-03-21,5241.52978515625,0.12920000076293944,0.128283113108663
2024-03-22,5234.18017578125,0.130600004196167,0.13215689510417497
2024-03-25,5218.18994140625,0.13189999580383302,0.13198605042005723
2024-03-26,5203.580078125,0.13239999771118163,0.13175447060248088
2024-03-27,5248.490234375,0.12779999732971192,0.13012213152952046
2024-03-28,5254.35009765625,0.13010000228881835,0.13017870978436205
2024-04-01,5243.77001953125,0.13649999618530273,0.1300653731180766
2024-04-02,5205.81005859375,0.14609999656677247,0.12902820515531213
2024-04-03,5211.490234375,0.14329999923706058,0.13317947854052448
2024-04-04,5147.2099609375,0.16350000381469726,0.1276525297592212
2024-04-05,5204.33984375,0.16030000686645507,0.12403290806778451
2024-04-08,5202.39013671875,0.151899995803833,0.12399867186349905
2024-04-09,5209.91015625,0.14979999542236327,0.12409345187593479
2024-04-10,5160.64013671875,0.15800000190734864,0.12075487229511928
2024-04-11,5199.06005859375,0.1490999984741211,0.12147884812665151
2024-04-12,5123.41015625,0.17309999465942383,0.11407390115098621
2024-04-15,5061.81982421875,0.19229999542236328,0.10700263477398937
2024-04-16,5051.41015625,0.18399999618530274,0.1096597208150858
2024-04-17,5022.2099609375,0.18209999084472656,0.10977256366980427
2024-04-18,5011.1201171875,0.18,0.11084690203023906
2024-04-19,4967.22998046875,0.18709999084472656,0.10629895630194891
2024-04-22,5010.60009765625,0.16940000534057617,0.10442439290452178
2024-04-23,5070.5498046875,0.15689999580383301,0.10432799576511309
2024-04-24,5071.6298828125,0.15970000267028808,0.10438986615281177
2024-04-25,5048.419921875,0.15369999885559082,0.10302030701583109
2024-04-26,5099.9599609375,0.15029999732971192,0.10005021577554647
2024-04-29,5116.169921875,0.14670000076293943,0.09999810762144602
2024-04-30,5035.68994140625,0.15649999618530272,0.08700865860770152
2024-05-01,5018.39013671875,0.15390000343322754,0.08519701425563801
2024-05-02,5064.2001953125,0.1468000030517578,0.08338496490969721
2024-05-03,5127.7900390625,0.13489999771118164,0.07934882608606815
2024-05-06,5180.740234375,0.13489999771118164,0.07556267203863942
2024-05-07,5187.7001953125,0.1322999954223633,0.07664284968117303
2024-05-08,5187.669921875,0.13,0.07709082116694463
2024-05-09,5214.080078125,0.12689999580383302,0.07763426068008222
2024-05-10,5222.68017578125,0.12550000190734864,0.07796168379128855
2024-05-13,5221.419921875,0.1360000038146973,0.0777789853415469
2024-05-14,5246.68017578125,0.13420000076293945,0.07719290999046295
2024-05-15,5308.14990234375,0.12449999809265137,0.07249174919119249
2024-05-16,5297.10009765625,0.12420000076293944,0.07207536089043004
2024-05-17,5303.27001953125,0.11989999771118164,0.0735616513808167
2024-05-20,5308.1298828125,0.12149999618530272,0.07437002365726175
2024-05-21,5321.41015625,0.11859999656677246,0.07522600507671269
2024-05-22,5307.009765625,0.12289999961853028,0.07417975012690659
2024-05-23,5267.83984375,0.12770000457763672,0.0691413846985467
2024-05-24,5304.72021484375,0.1193000030517578,0.07173524416032538
2024-05-28,5306.0400390625,0.12920000076293944,0.07816984638748531
2024-05-29,5266.9501953125,0.1427999973297119,0.07394656373163576
2024-05-30,5235.47998046875,0.1447000026702881,0.06982554375383757
2024-05-31,5277.509765625,0.12920000076293944,0.06885090839694404
2024-06-03,5283.39990234375,0.13109999656677246,0.0836509095847944
2024-06-04,5291.33984375,0.1315999984741211,0.08826934171124541
2024-06-05,5354.02978515625,0.12630000114440917,0.08626333137047766
2024-06-06,5352.9599609375,0.12579999923706056,0.09072761849209528
2024-06-07,5346.990234375,0.12220000267028809,0.09083890110286065
2024-06-10,5360.7900390625,0.12739999771118163,0.11550651108927688
2024-06-11,5375.31982421875,0.12850000381469728,0.11639245697377402
2024-06-12,5421.02978515625,0.12039999961853028,0.11820630889255242
2024-06-13,5433.740234375,0.11939999580383301,0.11805226500943164
2024-06-14,5431.60009765625,0.1265999984741211,0.1189885827408021
2024-06-17,5473.22998046875,0.1275,0.1255491842583575
2024-06-18,5487.02978515625,0.12300000190734864,0.13178316391970996
2024-06-20,5473.169921875,0.13279999732971193,0.14198380834328683
2024-06-21,5464.6201171875,0.13199999809265137,0.16598320511483483
2024-06-24,5447.8701171875,0.13329999923706057,0.16953951000858491
2024-06-25,5469.2998046875,0.1284000015258789,0.16979576742090924
2024-06-26,5477.89990234375,0.12550000190734864,0.18387547304546373
2024-06-27,5482.8701171875,0.12239999771118164,0.18453079487526763
2024-06-28,5460.47998046875,0.12439999580383301,0.18428932539650514
2024-07-01,5475.08984375,0.12220000267028809,0.1909024319686686
2024-07-02,5509.009765625,0.12029999732971192,0.1903339978150184
2024-07-03,5537.02001953125,0.1209000015258789,0.19559361118819737
2024-07-05,5567.18994140625,0.12479999542236328,0.19502154280467157
2024-07-08,5572.85009765625,0.12369999885559083,0.19704780946776926
2024-07-09,5576.97998046875,0.12510000228881835,0.1971426194410553
2024-07-10,5633.91015625,0.12850000381469728,0.19526035848377007
2024-07-11,5584.5400390625,0.12920000076293944,0.19532748337848704
2024-07-12,5615.35009765625,0.12460000038146973,0.19753747194745347
2024-07-15,5631.22021484375,0.13119999885559083,0.19758553381536825
2024-07-16,5667.2001953125,0.13189999580383302,0.19671285691316864
2024-07-17,5588.27001953125,0.14479999542236327,0.19316884252915634
2024-07-18,5544.58984375,0.1593000030517578,0.19172456680167227
2024-07-19,5505.0,0.16520000457763673,0.19240029768116246
2024-07-22,5564.41015625,0.1490999984741211,0.20041866046642717
2024-07-23,5555.740234375,0.1472000026702881,0.20042129980048085
2024-07-24,5427.1298828125,0.18040000915527343,0.18824697866922271
2024-07-25,5399.22021484375,0.18459999084472656,0.1946681936311647
2024-07-26,5459.10009765625,0.16389999389648438,0.19491021936307934
2024-07-29,5463.5400390625,0.16600000381469726,0.195317253124398
2024-07-30,5436.43994140625,0.17690000534057618,0.19694902099406705
2024-07-31,5522.2998046875,0.16360000610351563,0.1929300838480563
2024-08-01,5446.68017578125,0.1859000015258789,0.18859836328611632
2024-08-02,5346.56005859375,0.23389999389648441,0.17918304642319893
2024-08-05,5186.330078125,0.3856999969482422,0.15119921768260253
2024-08-06,5240.02978515625,0.2770999908447266,0.15031889363482775
2024-08-07,5199.5,0.27850000381469725,0.1528594565929961
2024-08-08,5319.31005859375,0.23790000915527343,0.14164235775107964
2024-08-09,5344.16015625,0.203700008392334,0.141477776109328
2024-08-12,5344.39013671875,0.20709999084472655,0.14132285334664182
2024-08-13,5434.43017578125,0.181200008392334,0.13502535130306553
2024-08-14,5455.2099609375,0.16190000534057616,0.1350556562529611
2024-08-15,5543.22021484375,0.15229999542236328,0.12829555321166441
2024-08-16,5554.25,0.14800000190734863,0.12858622712960321
2024-08-19,5608.25,0.1464999961853027,0.129555083332465
2024-08-20,5597.1201171875,0.15880000114440918,0.12933376338408611
2024-08-21,5620.85009765625,0.16270000457763673,0.12905150787488284
2024-08-22,5570.64013671875,0.17549999237060546,0.12810109696520153
2024-08-23,5634.60986328125,0.15859999656677246,0.12784217666467565
2024-08-26,5616.83984375,0.16149999618530272,0.13014280691708763
2024-08-27,5625.7998046875,0.15430000305175778,0.13140670014949668
2024-08-28,5592.18017578125,0.1711000061035156,0.13008547539014237
2024-08-29,5591.9599609375,0.15649999618530272,0.13081141483773326
2024-08-30,5648.39990234375,0.15,0.12961291994616228
2024-09-03,5528.93017578125,0.20719999313354492,0.11396494284039768
2024-09-04,5520.06982421875,0.21319999694824218,0.11384275051188163
2024-09-05,5503.41015625,0.19899999618530273,0.11307041416997572
2024-09-06,5408.419921875,0.223799991607666,0.09703985259382034
2024-09-09,5471.0498046875,0.19450000762939454,0.09417007338231004
2024-09-10,5495.52001953125,0.19079999923706054,0.09425154132492854
2024-09-11,5554.1298828125,0.17690000534057618,0.09619334799525912
2024-09-12,5595.759765625,0.1706999969482422,0.09451216994059833
2024-09-13,5626.02001953125,0.16559999465942382,0.09378176567802059
2024-09-16,5633.08984375,0.1713999938964844,0.09389351489972225
2024-09-17,5634.580078125,0.17610000610351562,0.09386954999321255
2024-09-18,5618.259765625,0.18229999542236328,0.09402875163501843
2024-09-19,5713.64013671875,0.16329999923706054,0.09891837592120481
2024-09-20,5702.5498046875,0.16149999618530272,0.09945589645944912
2024-09-23,5718.56982421875,0.15890000343322755,0.09948769515844488
2024-09-24,5732.93017578125,0.15390000343322754,0.10541926486675461
2024-09-25,5722.259765625,0.1540999984741211,0.12713242328011162
2024-09-26,5745.3701171875,0.15369999885559082,0.12816064480641873
2024-09-27,5738.169921875,0.16959999084472657,0.12811611592648817
2024-09-30,5762.47998046875,0.1672999954223633,0.12785282215086835
2024-10-01,5708.75,0.19260000228881835,0.12446807728745052
2024-10-02,5709.5400390625,0.18899999618530272,0.1244589996767492
2024-10-03,5699.93994140625,0.20489999771118164,0.1260939936996369
2024-10-04,5751.06982421875,0.19209999084472656,0.13095695763787313
2024-10-07,5695.93994140625,0.2263999938964844,0.12752184089510604
2024-10-08,5751.1298828125,0.21420000076293946,0.12527108972639284
2024-10-09,5792.0400390625,0.2086000061035156,0.12392809197078658
2024-10-10,5780.0498046875,0.2093000030517578,0.124338056294505
2024-10-11,5815.02978515625,0.20459999084472658,0.12364744587072134
2024-10-14,5859.85009765625,0.19700000762939454,0.12214698479000433
2024-10-15,5815.259765625,0.20639999389648442,0.12032353864241453
2024-10-16,5842.47021484375,0.19579999923706054,0.12068495527015194
2024-10-17,5841.47021484375,0.1911000061035156,0.12140261687645368
2024-10-18,5864.669921875,0.1803000068664551,0.12116788972354221
2024-10-21,5853.97998046875,0.183700008392334,0.12088261719741246
2024-10-22,5851.2001953125,0.18200000762939453,0.12161649471186115
2024-10-23,5797.419921875,0.19239999771118163,0.1178823501739812
2024-10-24,5809.85986328125,0.19079999923706054,0.11790170126096657
2024-10-25,5808.1201171875,0.20329999923706055,0.11991772826500126
2024-10-28,5823.52001953125,0.19799999237060548,0.12050327837238897
2024-10-29,5832.919921875,0.1934000015258789,0.12217275377215354
2024-10-30,5813.669921875,0.20350000381469727,0.12303611310088078
2024-10-31,5705.4501953125,0.2315999984741211,0.1073894206421534
2024-11-01,5728.7998046875,0.21879999160766603,0.10734256839676248
2024-11-04,5712.68994140625,0.21979999542236328,0.10779249205059317
2024-11-05,5782.759765625,0.20489999771118164,0.13785442384620755
2024-11-06,5929.0400390625,0.16270000457763673,0.11672041163379908
2024-11-07,5973.10009765625,0.15199999809265136,0.11908075526444364
2024-11-08,5995.5400390625,0.149399995803833,0.12052811736863585
2024-11-11,6001.35009765625,0.14970000267028807,0.12473449976160818
2024-11-12,5983.990234375,0.14710000038146973,0.12440310804076103
2024-11-13,5985.3798828125,0.1402000045776367,0.12872830850542627
2024-11-14,5949.169921875,0.143100004196167,0.13131651798410737
2024-11-15,5870.6201171875,0.16139999389648438,0.12602698774879478
2024-11-18,5893.6201171875,0.15579999923706056,0.12565336292742815
2024-11-19,5916.97998046875,0.16350000381469726,0.13043862598969883
2024-11-20,5917.10986328125,0.1715999984741211,0.13136517941515433
2024-11-21,5948.7099609375,0.16870000839233398,0.13456805673099384
2024-11-22,5969.33984375,0.15239999771118165,0.13422783840627908
2024-11-25,5987.3701171875,0.14600000381469727,0.1408626694554861
2024-11-26,6021.6298828125,0.1410000038146973,0.13968187118614064
2024-11-27,5998.740234375,0.1410000038146973,0.13956732599757055
2024-11-29,6032.3798828125,0.13510000228881835,0.14904609487822026
2024-12-02,6047.14990234375,0.13340000152587891,0.1488598298599749
2024-12-03,6049.8798828125,0.13300000190734862,0.15195712220700494
2024-12-04,6086.490234375,0.13449999809265137,0.1531294632126479
2024-12-05,6075.10986328125,0.13539999961853028,0.15412169714413734
2024-12-06,6090.27001953125,0.12770000457763672,0.15471995505928465
2024-12-09,6052.85009765625,0.141899995803833,0.1538413177802382
2024-12-10,6034.91015625,0.1418000030517578,0.1596231963129288
2024-12-11,6084.18994140625,0.13579999923706057,0.16011993211397896
2024-12-12,6051.25,0.13920000076293942,0.15992007591213636
2024-12-13,6051.08984375,0.138100004196167,0.1606640559196622
2024-12-16,6074.080078125,0.146899995803833,0.160949440265036
2024-12-17,6050.60986328125,0.15869999885559083,0.16206538990783473
2024-12-18,5872.16015625,0.276200008392334,0.13685261666537676
2024-12-19,5867.080078125,0.2409000015258789,0.13700708568697847
2024-12-20,5930.85009765625,0.1836000061035156,0.1341303337242919
2024-12-23,5974.06982421875,0.16780000686645508,0.1359567399506778
2024-12-24,6040.0400390625,0.1427000045776367,0.133571288515562
2024-12-26,6037.58984375,0.14729999542236327,0.13356203228276556
2024-12-27,5970.83984375,0.15949999809265136,0.12955409841255697
2024-12-30,5906.93994140625,0.17399999618530274,0.12813494313478788
2024-12-31,5881.6298828125,0.17350000381469727,0.12715551295811503
2025-01-02,5868.5498046875,0.1793000030517578,0.1267512978232276
2025-01-03,5942.47021484375,0.161299991607666,0.1223897758560039
2025-01-06,5975.3798828125,0.16040000915527344,0.12264064897541882
2025-01-07,5909.02978515625,0.17819999694824218,0.12885342144574194
2025-01-08,5918.25,0.17700000762939452,0.1298133128388563
2025-01-10,5827.0400390625,0.19540000915527345,0.12183525896741508
2025-01-13,5836.22021484375,0.19190000534057616,0.12181950104285663
2025-01-14,5842.91015625,0.18709999084472656,0.13102505700026745
2025-01-15,5949.91015625,0.16120000839233398,0.1282915473211495
2025-01-16,5937.33984375,0.16600000381469726,0.13818406080321624
2025-01-17,5996.66015625,0.15970000267028808,0.1386282712983966
2025-01-21,6049.240234375,0.15060000419616698,0.14026753898130595
2025-01-22,6086.3701171875,0.15100000381469728,0.14664692699513537
2025-01-23,6118.7099609375,0.15020000457763671,0.14673675556115018
2025-01-24,6101.240234375,0.14850000381469727,0.1641711500675483
2025-01-27,6012.27978515625,0.17899999618530274,0.16095302954807886
2025-01-28,6067.7001953125,0.1640999984741211,0.15870093802724886
2025-01-29,6039.31005859375,0.16559999465942382,0.16197962863103096
2025-01-30,6071.169921875,0.1584000015258789,0.17490567659772194
2025-01-31,6040.52978515625,0.16430000305175782,0.1765703578284619
2025-02-03,5994.56982421875,0.18620000839233397,0.17763228652664137
2025-02-04,6037.8798828125,0.17209999084472657,0.1795439751729514
2025-02-05,6061.47998046875,0.15770000457763672,0.1786510573517375
2025-02-06,6083.56982421875,0.155,0.1780279918681537
2025-02-07,6025.990234375,0.16540000915527345,0.18564408034096674
2025-02-10,6066.43994140625,0.158100004196167,0.18427909754189736
2025-02-11,6068.5,0.16020000457763672,0.18623953895536083
2025-02-12,6051.97021484375,0.15890000343322755,0.1862666455120973
2025-02-13,6115.06982421875,0.15100000381469728,0.18940671660096775
2025-02-14,6114.6298828125,0.1477000045776367,0.19085894160412734
2025-02-18,6129.580078125,0.15350000381469728,0.19121922213697137
2025-02-19,6144.14990234375,0.15270000457763672,0.19264755003713865
2025-02-20,6117.52001953125,0.1565999984741211,0.2358758380974376
2025-02-21,6013.1298828125,0.18209999084472656,0.28679272259895655
2025-02-24,5983.25,0.18979999542236328,0.28694973715881067
2025-02-25,5955.25,0.19430000305175782,0.28846324776883864
2025-02-26,5956.06005859375,0.19100000381469726,0.4024819640188411
2025-02-27,5861.56982421875,0.21129999160766602,0.41166344924628523
2025-02-28,5954.5,0.196299991607666,0.41260774975944914
2025-03-03,5849.72021484375,0.22780000686645507,0.41159969073522307
2025-03-04,5778.14990234375,0.23510000228881836,0.4105783411668453
2025-03-05,5842.6298828125,0.2193000030517578,0.4126760119079474
2025-03-06,5738.52001953125,0.24870000839233397,0.41053776871857844
2025-03-07,5770.2001953125,0.23370000839233399,0.4142022957590273
2025-03-10,5614.56005859375,0.2786000061035156,0.41594895489226463
2025-03-11,5572.06982421875,0.26920000076293943,0.4189917702933155
2025-03-12,5599.2998046875,0.24229999542236327,0.42319225360269125
2025-03-13,5521.52001953125,0.2465999984741211,0.42188133364179975
2025-03-14,5638.93994140625,0.21770000457763672,0.4171653582532062
2025-03-17,5675.1201171875,0.20510000228881836,0.4170794723353263
2025-03-18,5614.66015625,0.21700000762939453,0.4160265043014571
2025-03-19,5675.2900390625,0.19899999618530273,0.4152004358939089
2025-03-20,5662.89013671875,0.19799999237060548,0.41743023961487324
2025-03-21,5667.56005859375,0.19280000686645507,0.4178524535833275
2025-03-24,5767.56982421875,0.17479999542236327,0.4150080037439253
2025-03-25,5776.64990234375,0.17149999618530273,0.41523078429545585
2025-03-26,5712.2001953125,0.18329999923706056,0.41446431225948316
2025-03-27,5693.31005859375,0.18690000534057616,0.4143676453498323
2025-03-28,5580.93994140625,0.21649999618530275,0.42019343990776203
2025-03-31,5611.85009765625,0.22280000686645507,0.4203623188012853
2025-04-01,5633.06982421875,0.21770000457763672,0.4203138868157923
2025-04-02,5670.97021484375,0.21510000228881837,0.42010264766428235
2025-04-03,5396.52001953125,0.30020000457763674,0.3914171119886477
2025-04-04,5074.080078125,0.45310001373291015,0.3398746392096163
2025-04-07,5062.25,0.4697999954223633,0.3402108841536525
2025-04-08,4982.77001953125,0.5233000183105468,0.34045186971981145
2025-04-09,5456.89990234375,0.33619998931884765,0.22392258925166772
2025-04-10,5268.0498046875,0.4072000122070312,0.1959463386016525
2025-04-11,5363.35986328125,0.37560001373291013,0.1975698304344634
2025-04-14,5405.97021484375,0.3088999938964844,0.19870184208776978
2025-04-15,5396.6298828125,0.30120000839233396,0.19824787496172697
2025-04-16,5275.7001953125,0.3263999938964844,0.18302398486730784
2025-04-17,5282.7001953125,0.29649999618530276,0.1828753928141826
2025-04-21,5158.2001953125,0.3381999969482422,0.1628973553392307
2025-04-22,5287.759765625,0.3056999969482422,0.15200662247584246
2025-04-23,5375.85986328125,0.28450000762939454,0.14958005776862995
2025-04-24,5484.77001953125,0.2646999931335449,0.14257357808405238
2025-04-25,5525.2099609375,0.2484000015258789,0.14208504644557893
2025-04-28,5528.75,0.2514999961853027,0.14214207797068723
2025-04-29,5560.830078125,0.24170000076293946,0.14280840961351562
2025-04-30,5569.06005859375,0.24700000762939453,0.14280144572267783
2025-05-01,5604.14013671875,0.24600000381469728,0.1480522489721698
2025-05-02,5686.669921875,0.22680000305175782,0.14494962187566754
2025-05-05,5650.3798828125,0.23639999389648442,0.14605612129192685
2025-05-06,5606.91015625,0.24760000228881837,0.1433650958421653
2025-05-07,5631.27978515625,0.23549999237060548,0.14374607687161542
2025-05-08,5663.93994140625,0.22479999542236329,0.1450360078404357
2025-05-09,5659.91015625,0.21899999618530275,0.14707916579879796
2025-05-12,5844.18994140625,0.1838999938964844,0.11739087437059037
2025-05-13,5886.5498046875,0.18219999313354493,0.11774233911086997
2025-05-14,5892.580078125,0.18620000839233397,0.1182456042286374
2025-05-15,5916.93017578125,0.17829999923706055,0.11847717089241323
2025-05-16,5958.3798828125,0.17239999771118164,0.11759371568154811
2025-05-19,5963.60009765625,0.18139999389648442,0.11799961845998451
2025-05-20,5940.4599609375,0.1809000015258789,0.1185032884374415
2025-05-21,5844.60986328125,0.208700008392334,0.10952477100572273
2025-05-22,5842.009765625,0.20280000686645508,0.10958294185234076
2025-05-23,5802.81982421875,0.22290000915527344,0.10683790495107748
2025-05-27,5921.5400390625,0.18959999084472656,0.09274277028724363
2025-05-28,5888.5498046875,0.19309999465942382,0.09135332467438056
2025-05-29,5912.169921875,0.19180000305175782,0.09117768425242702
2025-05-30,5911.68994140625,0.18569999694824219,0.09261299414948092
2025-06-02,5935.93994140625,0.1836000061035156,0.09245707377728506
2025-06-03,5970.3701171875,0.17690000534057618,0.09230598373702126
2025-06-04,5970.81005859375,0.17610000610351562,0.09233353737546561
2025-06-05,5939.2998046875,0.18479999542236328,0.08988998256476231
2025-06-06,6000.35986328125,0.16770000457763673,0.086490071441142
2025-06-09,6005.8798828125,0.1715999984741211,0.08823800117231587
2025-06-10,6038.81005859375,0.16950000762939454,0.08764479555536016
2025-06-11,6022.240234375,0.17260000228881836,0.08681042931833882
2025-06-12,6045.259765625,0.1802000045776367,0.08677841516946344
2025-06-13,5976.97021484375,0.20819999694824218,0.07871005208144702
2025-06-16,6033.10986328125,0.1911000061035156,0.07621484042675808
2025-06-17,5982.72021484375,0.21600000381469728,0.07187253782141526
2025-06-18,5980.8701171875,0.2013999938964844,0.08877657676777893
2025-06-20,5967.83984375,0.206200008392334,0.09595800988391662
2025-06-23,6025.169921875,0.19829999923706054,0.09514112528901333
2025-06-24,6092.18017578125,0.17479999542236327,0.09241268575478202
2025-06-25,6092.16015625,0.16760000228881836,0.09254281040108614
2025-06-26,6141.02001953125,0.16590000152587892,0.09240815204587859
2025-06-27,6173.06982421875,0.1631999969482422,0.09229516088656613
2025-06-30,6204.9501953125,0.1672999954223633,0.09627799448487924
2025-07-01,6198.009765625,0.16829999923706054,0.09616473087611425
2025-07-02,6227.419921875,0.16639999389648438,0.09569178679803028
2025-07-03,6279.35009765625,0.163799991607666,0.09402678687402447
2025-07-07,6229.97998046875,0.17790000915527343,0.09033946451037511
2025-07-08,6225.52001953125,0.16809999465942382,0.09247892874222273
2025-07-09,6263.259765625,0.15939999580383302,0.09170663669715871
2025-07-10,6280.4599609375,0.15779999732971192,0.09248433268994417
2025-07-11,6259.75,0.16399999618530273,0.1009149828347838
2025-07-14,6268.56005859375,0.17200000762939452,0.10209461126864773
2025-07-15,6243.759765625,0.17379999160766602,0.10143836545108749
2025-07-16,6263.7001953125,0.1715999984741211,0.10132611333730118
2025-07-17,6297.35986328125,0.16520000457763673,0.10072730558511166
2025-07-18,6296.7900390625,0.1640999984741211,0.10300239266700038
2025-07-21,6305.60009765625,0.16649999618530273,0.10543018122036805
2025-07-22,6309.6201171875,0.165,0.10623830645442119
2025-07-23,6358.91015625,0.15369999885559082,0.10655506263830718
2025-07-24,6363.35009765625,0.15390000343322754,0.107157071825677
2025-07-25,6388.64013671875,0.1493000030517578,0.10678591486521691
2025-07-28,6389.77001953125,0.15029999732971192,0.10695673361274949
2025-07-29,6370.85986328125,0.15979999542236328,0.10660553819960458
2025-07-30,6362.89990234375,0.15479999542236328,0.10864610958033473
2025-07-31,6339.39013671875,0.16719999313354492,0.10779265968837497
2025-08-01,6238.009765625,0.20379999160766601,0.09470899772931102
2025-08-04,6329.93994140625,0.1752000045776367,0.08713517014124586
2025-08-05,6299.18994140625,0.17850000381469727,0.08540242072816248
2025-08-06,6345.06005859375,0.16770000457763673,0.08425994829248216
2025-08-07,6340.0,0.1656999969482422,0.08453393585264965
2025-08-08,6389.4501953125,0.15149999618530272,0.08296863339528913
2025-08-11,6373.4501953125,0.1625,0.08468882552406772
2025-08-12,6445.759765625,0.14729999542236327,0.08022008426402043
2025-08-13,6466.580078125,0.14489999771118164,0.08175998083259431
2025-08-14,6468.5400390625,0.14829999923706055,0.08311093033834621
2025-08-15,6449.7998046875,0.1509000015258789,0.08246188481212205
2025-08-18,6449.14990234375,0.14989999771118165,0.08283401679245853
2025-08-19,6411.3701171875,0.15569999694824221,0.08025631865518254
2025-08-20,6395.77978515625,0.15689999580383301,0.07943148514618052
2025-08-21,6370.169921875,0.16600000381469726,0.07777864632552799
2025-08-22,6466.91015625,0.1422000026702881,0.06710180151627074
2025-08-25,6439.31982421875,0.1478999996185303,0.06677951141305319
2025-08-26,6465.93994140625,0.14619999885559082,0.0675523754189892
2025-08-27,6481.39990234375,0.14850000381469727,0.06857190271219266
2025-08-28,6501.85986328125,0.1443000030517578,0.107658053472711
2025-08-29,6460.259765625,0.15359999656677245,0.1143536627047516
2025-09-02,6415.5400390625,0.17170000076293945,0.11215139489053437
2025-09-03,6448.259765625,0.16350000381469726,0.11186917471605919
2025-09-04,6502.080078125,0.15300000190734864,0.11174382608278864
2025-09-05,6481.5,0.15180000305175778,0.11191287245207715
2025-09-08,6495.14990234375,0.15109999656677245,0.11535762370259943
2025-09-09,6512.60986328125,0.15039999961853026,0.11531897590232017
2025-09-10,6532.0400390625,0.15350000381469728,0.1166723507163221
2025-09-11,6587.47021484375,0.14710000038146973,0.11542099496369405
2025-09-12,6584.2900390625,0.14760000228881837,0.11716867155343469
2025-09-15,6615.27978515625,0.15689999580383301,0.12116933499798872
2025-09-16,6606.759765625,0.16360000610351563,0.12095237154858839
2025-09-17,6600.35009765625,0.15720000267028808,0.12082401712492911
2025-09-18,6631.9599609375,0.15699999809265136,0.1247618368855836
2025-09-19,6664.35986328125,0.15449999809265136,0.12431446076612611
2025-09-22,6693.75,0.16100000381469726,0.12389462918732272
2025-09-23,6656.919921875,0.16639999389648438,0.12794624878377903
2025-09-24,6637.97021484375,0.16180000305175782,0.12782294292789756
2025-09-25,6604.72021484375,0.16739999771118164,0.13149658100443296
2025-09-26,6643.7001953125,0.15289999961853026,0.13055478803884715
2025-09-29,6661.2099609375,0.16120000839233398,0.13738455444699982
2025-09-30,6688.4599609375,0.16280000686645507,0.13709634776932497
2025-10-01,6711.2001953125,0.16290000915527345,0.13687205768139582
2025-10-02,6715.35009765625,0.166299991607666,0.14585135880876027
2025-10-03,6715.7900390625,0.16649999618530273,0.14586212228986878
2025-10-06,6740.27978515625,0.16370000839233398,0.14788279661013384
2025-10-07,6714.58984375,0.17239999771118164,0.14935824507605414
2025-10-08,6753.72021484375,0.16299999237060547,0.14872050922183508
2025-10-09,6735.10986328125,0.16430000305175782,0.15497593641956833
2025-10-10,6552.509765625,0.2165999984741211,0.13608638625094047
2025-10-13,6654.72021484375,0.19030000686645507,0.13596102417514677
2025-10-14,6644.31005859375,0.20809999465942383,0.13817561329406677
2025-10-15,6671.06005859375,0.20639999389648442,0.13903747891062165
2025-10-16,6629.06982421875,0.25309999465942384,0.1380278636901713
2025-10-17,6664.009765625,0.20780000686645508,0.1386614678974327
2025-10-20,6735.1298828125,0.18229999542236328,0.13559153919620362
2025-10-21,6735.35009765625,0.178700008392334,0.1357784515288104
2025-10-22,6699.39990234375,0.18600000381469728,0.13461913060044153
2025-10-23,6738.43994140625,0.17299999237060548,0.13382584243636805
2025-10-24,6791.68994140625,0.16370000839233398,0.13253913041503806
2025-10-27,6875.16015625,0.15789999961853027,0.12762462642537512
2025-10-28,6890.89013671875,0.16420000076293945,0.12900838352779653
2025-10-29,6890.58984375,0.16920000076293945,0.12915141523778592
2025-10-30,6822.33984375,0.1690999984741211,0.12968553210948097
2025-10-31,6840.2001953125,0.17440000534057618,0.12952913526789664
2025-11-03,6851.97021484375,0.17170000076293945,0.1295703602857622
2025-11-04,6771.5498046875,0.19,0.12945757221942653
2025-11-05,6796.2900390625,0.18010000228881837,0.13114682036950123
2025-11-06,6720.31982421875,0.195,0.12919720651405664
2025-11-07,6728.7998046875,0.19079999923706054,0.13029883940636047
2025-11-10,6832.43017578125,0.17600000381469727,0.12341230518370105
2025-11-11,6846.60986328125,0.17280000686645508,0.12359330264849014
2025-11-12,6850.919921875,0.17510000228881836,0.1236087542308078
2025-11-13,6737.490234375,0.2,0.11324838051676592
2025-11-14,6734.10986328125,0.19829999923706054,0.11336556996345021
2025-11-17,6672.41015625,0.223799991607666,0.11208659350206131
2025-11-18,6617.31982421875,0.24690000534057618,0.10870199036468853
2025-11-19,6642.16015625,0.23659999847412108,0.10948595003048497
2025-11-20,6538.759765625,0.2642000007629395,0.09774949522500696
2025-11-21,6602.990234375,0.2343000030517578,0.09611784565582464
2025-11-24,6705.1201171875,0.2052000045776367,0.08683339884093234
2025-11-25,6765.8798828125,0.18559999465942384,0.0850895817346599
2025-11-26,6812.60986328125,0.17190000534057617,0.08325701769310113
2025-11-28,6849.08984375,0.16350000381469726,0.08247434592123853
2025-12-01,6812.6298828125,0.17239999771118164,0.08248061029922527
2025-12-02,6829.3701171875,0.16590000152587892,0.08250588212300651
2025-12-03,6849.72021484375,0.16079999923706054,0.08225033608272803
2025-12-04,6857.1201171875,0.15779999732971192,0.10274701516293099
2025-12-05,6870.39990234375,0.1540999984741211,0.10816770783966616
2025-12-08,6846.509765625,0.1665999984741211,0.1087560778620811
2025-12-09,6840.509765625,0.16930000305175782,0.10869654824974755
2025-12-10,6886.68017578125,0.15770000457763672,0.1079282324440648
2025-12-11,6901.0,0.14850000381469727,0.10836710351360407
2025-12-12,6827.41015625,0.15739999771118163,0.10316496437433939
2025-12-15,6816.509765625,0.165,0.10310910842111541
2025-12-16,6800.259765625,0.1647999954223633,0.10376458099067444
2025-12-17,6721.43017578125,0.176200008392334,0.09774190240828513
2025-12-18,6774.759765625,0.16870000839233398,0.09952315102424987
2025-12-19,6834.5,0.1490999984741211,0.09783631028882962
2025-12-22,6878.490234375,0.14079999923706057,0.10251439307218703
2025-12-23,6909.7900390625,0.14,0.11692933472876352
2025-12-24,6932.0498046875,0.1347000026702881,0.11734365517653104
2025-12-26,6929.93994140625,0.1360000038146973,0.11776875696594258
2025-12-29,6905.740234375,0.14199999809265137,0.11728724858652471
2025-12-30,6896.240234375,0.14329999923706058,0.12604731816904072
2025-12-31,6845.5,0.14949999809265135,0.12425949076314058
2026-01-02,6858.47021484375,0.14510000228881836,0.12416771516780781
2026-01-05,6902.0498046875,0.1489999961853027,0.1238367079692588
2026-01-06,6944.81982421875,0.1475,0.1226137654393416
2026-01-07,6920.93017578125,0.15380000114440917,0.12404665566688385
2026-01-08,6921.4599609375,0.15449999809265136,0.12764221463048267
2026-01-09,6966.27978515625,0.14489999771118164,0.1282311706729568
2026-01-12,6977.27001953125,0.15119999885559082,0.1304664882813533
2026-01-13,6963.740234375,0.15979999542236328,0.13125527952987562
2026-01-14,6926.60009765625,0.1675,0.13095066591591611
2026-01-15,6944.47021484375,0.1584000015258789,0.13069685214588903
2026-01-16,6940.009765625,0.15859999656677246,0.13338377130302737
2026-01-20,6796.85986328125,0.20090000152587892,0.12081205977446674
2026-01-21,6875.6201171875,0.16899999618530273,0.11722227528363596
2026-01-22,6913.35009765625,0.15640000343322755,0.12189690077464264
2026-01-23,6915.60986328125,0.1609000015258789,0.12470277533062439
2026-01-26,6950.22998046875,0.16149999618530272,0.12364055176970287
2026-01-27,6978.60009765625,0.16350000381469726,0.12276794024874674
2026-01-28,6978.02978515625,0.16350000381469726,0.12957531969002373
2026-01-29,6969.009765625,0.168799991607666,0.1302517852016586
2026-01-30,6939.02978515625,0.17440000534057618,0.1343128209868845
2026-02-02,6976.43994140625,0.1634000015258789,0.13334720687594478
2026-02-03,6917.81005859375,0.18,0.13663751942672728
2026-02-04,6882.72021484375,0.1863999938964844,0.13626394949492332
2026-02-05,6798.39990234375,0.21770000457763672,0.13855498488009765
2026-02-06,6932.2998046875,0.203700008392334,0.12958891088943872
2026-02-09,6964.81982421875,0.17360000610351561,0.1282598109461503
2026-02-10,6941.81005859375,0.17790000915527343,0.12997041965998826
2026-02-11,6941.47021484375,0.17649999618530274,0.1376885408288724
2026-02-12,6832.759765625,0.20819999694824218,0.13863788643060598
2026-02-13,6836.169921875,0.20600000381469727,0.1384450286583602
2026-02-17,6843.22021484375,0.20290000915527343,0.16522658519708067
2026-02-18,6881.31005859375,0.19620000839233398,0.1658859637404743
2026-02-19,6861.89013671875,0.2022999954223633,0.1660094326381642
2026-02-20,6909.509765625,0.1909000015258789,0.1650791387451893
2026-02-23,6837.75,0.21010000228881837,0.1629674665966126
2026-02-24,6890.06982421875,0.19549999237060547,0.17783985026321364
2026-02-25,6946.1298828125,0.1793000030517578,0.17710541910693617
2026-02-26,6908.85986328125,0.18629999160766603,0.1765339059853155
2026-02-27,6878.8798828125,0.19860000610351558,0.17872281798191364
2026-03-02,6881.6201171875,0.21440000534057618,0.18190310874579732
2026-03-03,6816.6298828125,0.23569999694824217,0.18066992052607284
2026-03-04,6869.5,0.21149999618530274,0.1796184584567622
2026-03-05,6830.7099609375,0.2375,0.18134661033202537
2026-03-06,6740.02001953125,0.29489999771118164,0.1762921438362452
2026-03-09,6795.990234375,0.255,0.17671201287712454
2026-03-10,6781.47998046875,0.2493000030517578,0.17833035288729887
2026-03-11,6775.7998046875,0.24229999542236327,0.1789958671024735
2026-03-12,6672.6201171875,0.27290000915527346,0.17244712940928908
2026-03-13,6632.18994140625,0.2719000053405762,0.17062603737946624
2026-03-16,6699.3798828125,0.23510000228881836,0.1704584787091345
2026-03-17,6716.08984375,0.22370000839233398,0.1706092270512982
2026-03-18,6624.7001953125,0.2509000015258789,0.16544946213146322
2026-03-19,6606.490234375,0.24059999465942383,0.16460461938140833
2026-03-20,6506.47998046875,0.26780000686645505,0.15683143729648938
2026-03-23,6581.0,0.26149999618530273,0.1556540953125571
2026-03-24,6556.3701171875,0.2695000076293945,0.15746882443540755
2026-03-25,6591.89990234375,0.25329999923706054,0.1589500603994466
2026-03-26,6477.16015625,0.2744000053405762,0.14626143985999296
2026-03-27,6368.85009765625,0.3104999923706055,0.13193061109389512
2026-03-30,6343.72021484375,0.30610000610351557,0.1307057624057408
2026-03-31,6528.52001953125,0.2525,0.11002842957225448
2026-04-01,6575.31982421875,0.24540000915527344,0.11014297402359668
2026-04-02,6582.68994140625,0.238700008392334,0.12019612295591037
2026-04-06,6611.830078125,0.24170000076293946,0.12094373665405621
2026-04-07,6616.85009765625,0.2578000068664551,0.12443829277270643
2026-04-08,6782.81005859375,0.21040000915527343,0.10933963863259996
2026-04-09,6824.66015625,0.19489999771118163,0.10900224516340837
2026-04-10,6816.89013671875,0.19229999542236328,0.10834412888596855
2026-04-13,6886.240234375,0.19120000839233398,0.1066794901976932
2026-04-14,6967.3798828125,0.1836000061035156,0.10362431618932336
2026-04-15,7022.9501953125,0.18170000076293946,0.10281955069245226
2026-04-16,7041.27978515625,0.17940000534057618,0.10282238307851685
2026-04-17,7126.06005859375,0.17479999542236327,0.09879948728046664
2026-04-20,7109.14013671875,0.18870000839233397,0.0979080967521315
2026-04-21,7064.009765625,0.195,0.09874038206834967
2026-04-22,7137.89990234375,0.18920000076293944,0.09584486783325352
